Microsoft (R) Macro Assembler Version 6.11		    05/30/26 23:16:47
Z:\home\xor\inertia_player\libdosbox\src\custom\src_f15\asound_rebuild\asound_rebuild.asm  Page 1 - 1


				.386
				OPTION NOSCOPED
				
 0000				seg11a3         segment para public 'DATA' use16
				                assume cs:seg11a3
 0000 46 31 35 20 49 49		aF15IiAdlib3149 db 'F15 II AdLib 3-14-91',0
       20 41 64 4C 69 62
       20 33 2D 31 34 2D
       39 31 00
				                align 4
 0018  ---- R			                dw seg seg127c
 001A  ---- R			                dw seg seg11a3
 001C  64			                db  64h ; d
 001D  00			                db    0
 001E  AC			                db 0ACh
 001F  22			                db  22h ; "
 0020  00			                db    0
 0021  00			                db    0
 0022  0A			                db  0Ah
 0023  00			                db    0
 0024  97			                db  97h
 0025  07			                db    7
 0026  CC			                db 0CCh
 0027  07			                db    7
 0028  DA			                db 0DAh
 0029  07			                db    7
 002A  10			                db  10h
 002B  08			                db    8
 002C  78			                db  78h ; x
 002D  08			                db    8
 002E  85			                db  85h
 002F  08			                db    8
 0030  5D			                db  5Dh ; ]
 0031  08			                db    8
 0032  2A			                db  2Ah ; *
 0033  08			                db    8
 0034  50			                db  50h ; P
 0035  08			                db    8
 0036  F3			                db 0F3h
 0037  07			                db    7
 0038  01B6 [			                db 1B6h dup(53h)
        53
       ]
 01EE  2A			                db  2Ah ; *
 01EF  2A			                db  2Ah ; *
 01F0  00			                db    0
 01F1  00			                db    0
 01F2  2A			                db  2Ah ; *
 01F3  2A			                db  2Ah ; *
 01F4  FB			                db 0FBh
 01F5  09			                db    9
 01F6  B5			                db 0B5h
 01F7  00			                db    0
 01F8  0A			                db  0Ah
 01F9  00			                db    0
 01FA  2A			                db  2Ah ; *
 01FB  2A			                db  2Ah ; *
 01FC  23			                db  23h ; #
 01FD  09			                db    9
 01FE  4D			                db  4Dh ; M
 01FF  00			                db    0
 0200  16			                db  16h
 0201  00			                db    0
 0202  2A			                db  2Ah ; *
 0203  2A			                db  2Ah ; *
 0204  00			                db    0
 0205  00			                db    0
 0206  2A			                db  2Ah ; *
 0207  2A			                db  2Ah ; *
 0208  47			                db  47h ; G
 0209  0D			                db  0Dh
 020A  B5			                db 0B5h
 020B  00			                db    0
 020C  2A			                db  2Ah ; *
 020D  2A			                db  2Ah ; *
 020E  00			                db    0
 020F  00			                db    0
 0210  2A			                db  2Ah ; *
 0211  2A			                db  2Ah ; *
 0212  9A			                db  9Ah
 0213  0B			                db  0Bh
 0214  B5			                db 0B5h
 0215  00			                db    0
 0216  0A			                db  0Ah
 0217  00			                db    0
 0218  2E			                db  2Eh ; .
 0219  02			                db    2
 021A  B5			                db 0B5h
 021B  00			                db    0
 021C  0A			                db  0Ah
 021D  00			                db    0
 021E  2E			                db  2Eh ; .
 021F  02			                db    2
 0220  1A			                db  1Ah
 0221  13			                db  13h
 0222  05			                db    5
 0223  00			                db    0
 0224  2A			                db  2Ah ; *
 0225  2A			                db  2Ah ; *
 0226  27			                db  27h ; '
 0227  07			                db    7
 0228  2C			                db  2Ch ; ,
 0229  00			                db    0
 022A  2A			                db  2Ah ; *
 022B  2A			                db  2Ah ; *
 022C  27			                db  27h ; '
 022D  07			                db    7
 022E  00			                db    0
 022F  00			                db    0
 0230  E2			                db 0E2h
 0231  82			                db  82h
 0232  1A			                db  1Ah
 0233  15			                db  15h
 0234  02D8 R			                dw offset loc_12A98
 0236  ---- R			                dw seg seg127c
 0238  00			                db    0
 0239  00			                db    0
 023A FF			unk_11C6A       db 0FFh                 ; DATA XREF: sub_12811:loc_12840↓w
				                                        ; seg127c:083B↓r
 023B 02			unk_11C6B       db    2                 ; DATA XREF: seg127c:0830↓w
				                                        ; seg127c:0836↓w
 023C 4E 6F 20 41 64 6C		aNoAdlibBoardPr db 'No Adlib board present in system$'
       69 62 20 62 6F 61
       72 64 20 70 72 65
       73 65 6E 74 20 69
       6E 20 73 79 73 74
       65 6D 24
 025D 0000			word_11C8D      dw 0                    ; DATA XREF: sub_12A70+91↓w
				                                        ; sub_12B4B+D↓w ...
 025F FFFF			word_11C8F      dw 0FFFFh               ; DATA XREF: sub_12A70:loc_12AF4↓r
				                                        ; sub_12A70+8B↓w ...
 0261  00			                db    0
 0262  00			                db    0
 0263 0D60			word_11C93      dw 0D60h                ; DATA XREF: sub_12881:loc_1289C↓w
				                                        ; sub_12881+27↓w ...
 0265 F8			byte_11C95      db 0F8h                 ; DATA XREF: sub_12E41+E↓r
				                                        ; sub_12F38+16↓w
 0266 20			byte_11C96      db 20h                  ; DATA XREF: sub_12881+2↓w
				                                        ; sub_12881+5E↓r ...
 0267 0000			word_11C97      dw 0                    ; DATA XREF: sub_12F09+1↓r
				                                        ; seg127c:07A7↓w
 0269 0000			word_11C99      dw 0                    ; DATA XREF: sub_128E5+16↓w
				                                        ; sub_128E5+1F↓w
 026B  00			                db    0
 026C  00			                db    0
 026D 92			unk_11C9D       db  92h                 ; DATA XREF: sub_12DCE+24↓o
 026E  5C			                db  5Ch ; \
 026F  97			                db  97h
 0270  47			                db  47h ; G
 0271  1A			                db  1Ah
 0272  6A			                db  6Ah ; j
 0273  93			                db  93h
 0274  5C			                db  5Ch ; \
 0275  9D			                db  9Dh
 0276  7D			                db  7Dh ; }
 0277  1B			                db  1Bh
 0278  6A			                db  6Ah ; j
 0279 0000			word_11CA9      dw 0                    ; DATA XREF: sub_12DCE:loc_12DDF↓r
				                                        ; sub_12DCE:loc_12DEB↓w
 027B 00			byte_11CAB      db 0                    ; DATA XREF: sub_12DCE+15↓r
				                                        ; sub_12F75:loc_12F87↓w
 027C 0000			word_11CAC      dw 0                    ; DATA XREF: sub_12A70↓r
				                                        ; sub_12A70+7↓w ...
 027E 0000			word_11CAE      dw 0                    ; DATA XREF: sub_12DCE↓r
				                                        ; seg127c:loc_13032↓w ...
 0280 0000			word_11CB0      dw 0                    ; DATA XREF: sub_13B8C:loc_13C39↓r
				                                        ; sub_13B8C+F6↓w
 0282  00			                db    0
 0283  00			                db    0
 0284 02BC			word_11CB4      dw 2BCh                 ; DATA XREF: seg127c:0869↓r
				                                        ; seg127c:086F↓r
 0286 00			byte_11CB6      db 0                    ; DATA XREF: seg127c:087E↓w
				                                        ; seg127c:088B↓w ...
 0287 00			byte_11CB7      db 0                    ; DATA XREF: sub_13B8C+12↓r
				                                        ; sub_13B8C+9B↓w
 0288 04D2			word_11CB8      dw 4D2h                 ; DATA XREF: sub_12B08+3↓r
				                                        ; sub_12B08+D↓w ...
 028A  48			                db  48h ; H
 028B  92			                db  92h
 028C  10			                db  10h
 028D  08			                db    8
 028E  04			                db    4
 028F  02			                db    2
 0290  01			                db    1
 0291  00			                db    0
 0292  00			                db    0
 0293  02			                db    2
 0294  1E			                db  1Eh
 0295  02			                db    2
 0296  3F			                db  3Fh ; ?
 0297  02			                db    2
 0298  61			                db  61h ; a
 0299  02			                db    2
 029A  85			                db  85h
 029B  02			                db    2
 029C  AB			                db 0ABh
 029D  02			                db    2
 029E  D4			                db 0D4h
 029F  02			                db    2
 02A0  FF			                db 0FFh
 02A1  02			                db    2
 02A2  2D			                db  2Dh ; -
 02A3  03			                db    3
 02A4  5D			                db  5Dh ; ]
 02A5  03			                db    3
 02A6  90			                db  90h
 02A7  03			                db    3
 02A8  C7			                db 0C7h
 02A9  03			                db    3
 02AA 01			byte_11CDA      db 1                    ; DATA XREF: sub_13544+10↓r
 02AB 01			byte_11CDB      db 1                    ; DATA XREF: sub_13544+23↓r
 02AC 01			byte_11CDC      db 1                    ; DATA XREF: sub_1358E↓r
 02AD  00			                db    0
 02AE  00			                db    0
 02AF  03			                db    3
 02B0  01			                db    1
 02B1  04			                db    4
 02B2  02			                db    2
 02B3  05			                db    5
 02B4  06			                db    6
 02B5  09			                db    9
 02B6  07			                db    7
 02B7  0A			                db  0Ah
 02B8  08			                db    8
 02B9  0B			                db  0Bh
 02BA  0C			                db  0Ch
 02BB  0F			                db  0Fh
 02BC  10			                db  10h
 02BD  63			                db  63h ; c
 02BE  0E			                db  0Eh
 02BF  63			                db  63h ; c
 02C0  11			                db  11h
 02C1  63			                db  63h ; c
 02C2  0D			                db  0Dh
 02C3  63			                db  63h ; c
 02C4  00			                db    0
 02C5  01			                db    1
 02C6  02			                db    2
 02C7  03			                db    3
 02C8  04			                db    4
 02C9  05			                db    5
 02CA  08			                db    8
 02CB  09			                db    9
 02CC  0A			                db  0Ah
 02CD  0B			                db  0Bh
 02CE  0C			                db  0Ch
 02CF  0D			                db  0Dh
 02D0  10			                db  10h
 02D1  11			                db  11h
 02D2  12			                db  12h
 02D3  13			                db  13h
 02D4  14			                db  14h
 02D5  15			                db  15h
 02D6  0A			                db  0Ah
 02D7  0B			                db  0Bh
 02D8  0F			                db  0Fh
 02D9  0F			                db  0Fh
 02DA  01			                db    1
 02DB  00			                db    0
 02DC  3B			                db  3Bh ; ;
 02DD  00			                db    0
 02DE  00			                db    0
 02DF  04			                db    4
 02E0  07			                db    7
 02E1  00			                db    0
 02E2  00			                db    0
 02E3  01			                db    1
 02E4  00			                db    0
 02E5  00			                db    0
 02E6  00			                db    0
 02E7  00			                db    0
 02E8  00			                db    0
 02E9  00			                db    0
 02EA  00			                db    0
 02EB  00			                db    0
 02EC  0A			                db  0Ah
 02ED  0B			                db  0Bh
 02EE  08			                db    8
 02EF  0A			                db  0Ah
 02F0  00			                db    0
 02F1  00			                db    0
 02F2  3F			                db  3Fh ; ?
 02F3  00			                db    0
 02F4  00			                db    0
 02F5  01			                db    1
 02F6  01			                db    1
 02F7  00			                db    0
 02F8  00			                db    0
 02F9  01			                db    1
 02FA  00			                db    0
 02FB  00			                db    0
 02FC  00			                db    0
 02FD  00			                db    0
 02FE  00			                db    0
 02FF  00			                db    0
 0300  00			                db    0
 0301  00			                db    0
 0302  0F			                db  0Fh
 0303  00			                db    0
 0304  00			                db    0
 0305  0C			                db  0Ch
 0306  01			                db    1
 0307  00			                db    0
 0308  3F			                db  3Fh ; ?
 0309  00			                db    0
 030A  00			                db    0
 030B  0E			                db  0Eh
 030C  07			                db    7
 030D  00			                db    0
 030E  00			                db    0
 030F  01			                db    1
 0310  00			                db    0
 0311  00			                db    0
 0312  00			                db    0
 0313  00			                db    0
 0314  00			                db    0
 0315  00			                db    0
 0316  00			                db    0
 0317  00			                db    0
 0318  0A			                db  0Ah
 0319  00			                db    0
 031A  00			                db    0
 031B  0C			                db  0Ch
 031C  01			                db    1
 031D  00			                db    0
 031E  3F			                db  3Fh ; ?
 031F  00			                db    0
 0320  00			                db    0
 0321  0F			                db  0Fh
 0322  07			                db    7
 0323  00			                db    0
 0324  00			                db    0
 0325  01			                db    1
 0326  00			                db    0
 0327  00			                db    0
 0328  00			                db    0
 0329  00			                db    0
 032A  00			                db    0
 032B  00			                db    0
 032C  00			                db    0
 032D  00			                db    0
 032E  0D			                db  0Dh
 032F  09			                db    9
 0330  0F			                db  0Fh
 0331  0F			                db  0Fh
 0332  00			                db    0
 0333  00			                db    0
 0334  3F			                db  3Fh ; ?
 0335  00			                db    0
 0336  00			                db    0
 0337  00			                db    0
 0338  05			                db    5
 0339  00			                db    0
 033A  00			                db    0
 033B  01			                db    1
 033C  50			                db  50h ; P
 033D  00			                db    0
 033E  FF			                db 0FFh
 033F  03			                db    3
 0340  80			                db  80h
 0341  02			                db    2
 0342  00			                db    0
 0343  00			                db    0
 0344  0D			                db  0Dh
 0345  04			                db    4
 0346  0F			                db  0Fh
 0347  0F			                db  0Fh
 0348  00			                db    0
 0349  00			                db    0
 034A  3F			                db  3Fh ; ?
 034B  00			                db    0
 034C  00			                db    0
 034D  06			                db    6
 034E  05			                db    5
 034F  00			                db    0
 0350  00			                db    0
 0351  01			                db    1
 0352  00			                db    0
 0353  00			                db    0
 0354  00			                db    0
 0355  00			                db    0
 0356  00			                db    0
 0357  00			                db    0
 0358  00			                db    0
 0359  00			                db    0
 035A  0D			                db  0Dh
 035B  09			                db    9
 035C  0F			                db  0Fh
 035D  0F			                db  0Fh
 035E  00			                db    0
 035F  00			                db    0
 0360  3F			                db  3Fh ; ?
 0361  00			                db    0
 0362  00			                db    0
 0363  00			                db    0
 0364  05			                db    5
 0365  00			                db    0
 0366  00			                db    0
 0367  01			                db    1
 0368  60			                db  60h ; `
 0369  00			                db    0
 036A  FF			                db 0FFh
 036B  03			                db    3
 036C  00			                db    0
 036D  04			                db    4
 036E  F8			                db 0F8h
 036F  FF			                db 0FFh
 0370  0D			                db  0Dh
 0371  03			                db    3
 0372  0F			                db  0Fh
 0373  0F			                db  0Fh
 0374  00			                db    0
 0375  00			                db    0
 0376  3F			                db  3Fh ; ?
 0377  00			                db    0
 0378  00			                db    0
 0379  06			                db    6
 037A  05			                db    5
 037B  00			                db    0
 037C  00			                db    0
 037D  01			                db    1
 037E  00			                db    0
 037F  00			                db    0
 0380  00			                db    0
 0381  00			                db    0
 0382  00			                db    0
 0383  00			                db    0
 0384  00			                db    0
 0385  00			                db    0
 0386  0A			                db  0Ah
 0387  09			                db    9
 0388  0F			                db  0Fh
 0389  0F			                db  0Fh
 038A  00			                db    0
 038B  00			                db    0
 038C  3A			                db  3Ah ; :
 038D  00			                db    0
 038E  00			                db    0
 038F  03			                db    3
 0390  07			                db    7
 0391  00			                db    0
 0392  00			                db    0
 0393  01			                db    1
 0394  04			                db    4
 0395  00			                db    0
 0396  FF			                db 0FFh
 0397  07			                db    7
 0398  00			                db    0
 0399  00			                db    0
 039A  00			                db    0
 039B  00			                db    0
 039C  0F			                db  0Fh
 039D  06			                db    6
 039E  0F			                db  0Fh
 039F  0F			                db  0Fh
 03A0  00			                db    0
 03A1  00			                db    0
 03A2  3F			                db  3Fh ; ?
 03A3  00			                db    0
 03A4  02			                db    2
 03A5  00			                db    0
 03A6  07			                db    7
 03A7  00			                db    0
 03A8  00			                db    0
 03A9  01			                db    1
 03AA  00			                db    0
 03AB  00			                db    0
 03AC  00			                db    0
 03AD  00			                db    0
 03AE  00			                db    0
 03AF  00			                db    0
 03B0  00			                db    0
 03B1  00			                db    0
 03B2  0C			                db  0Ch
 03B3  09			                db    9
 03B4  00			                db    0
 03B5  00			                db    0
 03B6  01			                db    1
 03B7  00			                db    0
 03B8  3C			                db  3Ch ; <
 03B9  00			                db    0
 03BA  00			                db    0
 03BB  00			                db    0
 03BC  07			                db    7
 03BD  00			                db    0
 03BE  00			                db    0
 03BF  01			                db    1
 03C0  26			                db  26h ; &
 03C1  00			                db    0
 03C2  00			                db    0
 03C3  00			                db    0
 03C4  55			                db  55h ; U
 03C5  55			                db  55h ; U
 03C6  70			                db  70h ; p
 03C7  FF			                db 0FFh
 03C8  05			                db    5
 03C9  05			                db    5
 03CA  0F			                db  0Fh
 03CB  0F			                db  0Fh
 03CC  00			                db    0
 03CD  00			                db    0
 03CE  3F			                db  3Fh ; ?
 03CF  00			                db    0
 03D0  00			                db    0
 03D1  00			                db    0
 03D2  07			                db    7
 03D3  00			                db    0
 03D4  00			                db    0
 03D5  01			                db    1
 03D6  00			                db    0
 03D7  00			                db    0
 03D8  00			                db    0
 03D9  00			                db    0
 03DA  00			                db    0
 03DB  00			                db    0
 03DC  00			                db    0
 03DD  00			                db    0
 03DE  0D			                db  0Dh
 03DF  00			                db    0
 03E0  00			                db    0
 03E1  0F			                db  0Fh
 03E2  01			                db    1
 03E3  00			                db    0
 03E4  26			                db  26h ; &
 03E5  00			                db    0
 03E6  03			                db    3
 03E7  0E			                db  0Eh
 03E8  04			                db    4
 03E9  00			                db    0
 03EA  00			                db    0
 03EB  00			                db    0
 03EC  00			                db    0
 03ED  00			                db    0
 03EE  00			                db    0
 03EF  00			                db    0
 03F0  00			                db    0
 03F1  00			                db    0
 03F2  00			                db    0
 03F3  00			                db    0
 03F4  0C			                db  0Ch
 03F5  00			                db    0
 03F6  00			                db    0
 03F7  0F			                db  0Fh
 03F8  01			                db    1
 03F9  00			                db    0
 03FA  3F			                db  3Fh ; ?
 03FB  00			                db    0
 03FC  02			                db    2
 03FD  0F			                db  0Fh
 03FE  04			                db    4
 03FF  00			                db    0
 0400  00			                db    0
 0401  00			                db    0
 0402  00			                db    0
 0403  00			                db    0
 0404  00			                db    0
 0405  00			                db    0
 0406  00			                db    0
 0407  00			                db    0
 0408  00			                db    0
 0409  00			                db    0
 040A  05			                db    5
 040B  0F			                db  0Fh
 040C  0F			                db  0Fh
 040D  0F			                db  0Fh
 040E  00			                db    0
 040F  00			                db    0
 0410  3F			                db  3Fh ; ?
 0411  00			                db    0
 0412  00			                db    0
 0413  01			                db    1
 0414  07			                db    7
 0415  00			                db    0
 0416  00			                db    0
 0417  01			                db    1
 0418  00			                db    0
 0419  00			                db    0
 041A  00			                db    0
 041B  00			                db    0
 041C  00			                db    0
 041D  00			                db    0
 041E  00			                db    0
 041F  00			                db    0
 0420  05			                db    5
 0421  0F			                db  0Fh
 0422  0F			                db  0Fh
 0423  0F			                db  0Fh
 0424  00			                db    0
 0425  00			                db    0
 0426  3F			                db  3Fh ; ?
 0427  00			                db    0
 0428  00			                db    0
 0429  01			                db    1
 042A  01			                db    1
 042B  00			                db    0
 042C  00			                db    0
 042D  01			                db    1
 042E  00			                db    0
 042F  00			                db    0
 0430  00			                db    0
 0431  00			                db    0
 0432  00			                db    0
 0433  00			                db    0
 0434  00			                db    0
 0435  00			                db    0
 0436  00			                db    0
 0437  0F			                db  0Fh
 0438  00			                db    0
 0439  00			                db    0
 043A  00			                db    0
 043B  00			                db    0
 043C  3F			                db  3Fh ; ?
 043D  00			                db    0
 043E  02			                db    2
 043F  00			                db    0
 0440  00			                db    0
 0441  00			                db    0
 0442  00			                db    0
 0443  01			                db    1
 0444  00			                db    0
 0445  00			                db    0
 0446  00			                db    0
 0447  00			                db    0
 0448  00			                db    0
 0449  00			                db    0
 044A  00			                db    0
 044B  00			                db    0
 044C  0A			                db  0Ah
 044D  00			                db    0
 044E  0F			                db  0Fh
 044F  0F			                db  0Fh
 0450  00			                db    0
 0451  00			                db    0
 0452  2E			                db  2Eh ; .
 0453  00			                db    0
 0454  00			                db    0
 0455  00			                db    0
 0456  00			                db    0
 0457  00			                db    0
 0458  00			                db    0
 0459  01			                db    1
 045A  00			                db    0
 045B  00			                db    0
 045C  00			                db    0
 045D  00			                db    0
 045E  00			                db    0
 045F  00			                db    0
 0460  00			                db    0
 0461  00			                db    0
 0462  0D			                db  0Dh
 0463  00			                db    0
 0464  00			                db    0
 0465  0F			                db  0Fh
 0466  01			                db    1
 0467  00			                db    0
 0468  36			                db  36h ; 6
 0469  00			                db    0
 046A  02			                db    2
 046B  0E			                db  0Eh
 046C  06			                db    6
 046D  00			                db    0
 046E  00			                db    0
 046F  00			                db    0
 0470  00			                db    0
 0471  00			                db    0
 0472  00			                db    0
 0473  00			                db    0
 0474  00			                db    0
 0475  00			                db    0
 0476  00			                db    0
 0477  00			                db    0
 0478  0D			                db  0Dh
 0479  00			                db    0
 047A  00			                db    0
 047B  0F			                db  0Fh
 047C  01			                db    1
 047D  00			                db    0
 047E  36			                db  36h ; 6
 047F  00			                db    0
 0480  02			                db    2
 0481  0E			                db  0Eh
 0482  06			                db    6
 0483  00			                db    0
 0484  00			                db    0
 0485  00			                db    0
 0486  00			                db    0
 0487  00			                db    0
 0488  00			                db    0
 0489  00			                db    0
 048A  00			                db    0
 048B  00			                db    0
 048C  00			                db    0
 048D  00			                db    0
 048E  0D			                db  0Dh
 048F  09			                db    9
 0490  0F			                db  0Fh
 0491  0F			                db  0Fh
 0492  00			                db    0
 0493  00			                db    0
 0494  3F			                db  3Fh ; ?
 0495  00			                db    0
 0496  00			                db    0
 0497  00			                db    0
 0498  05			                db    5
 0499  00			                db    0
 049A  00			                db    0
 049B  01			                db    1
 049C  80			                db  80h
 049D  00			                db    0
 049E  55			                db  55h ; U
 049F  05			                db    5
 04A0  00			                db    0
 04A1  01			                db    1
 04A2  F0			                db 0F0h
 04A3  3F			                db  3Fh ; ?
 04A4  05			                db    5
 04A5  04			                db    4
 04A6  0F			                db  0Fh
 04A7  0F			                db  0Fh
 04A8  00			                db    0
 04A9  00			                db    0
 04AA  3F			                db  3Fh ; ?
 04AB  00			                db    0
 04AC  00			                db    0
 04AD  05			                db    5
 04AE  05			                db    5
 04AF  00			                db    0
 04B0  00			                db    0
 04B1  01			                db    1
 04B2  00			                db    0
 04B3  00			                db    0
 04B4  00			                db    0
 04B5  00			                db    0
 04B6  00			                db    0
 04B7  00			                db    0
 04B8  00			                db    0
 04B9  00			                db    0
 04BA  0D			                db  0Dh
 04BB  09			                db    9
 04BC  0F			                db  0Fh
 04BD  0F			                db  0Fh
 04BE  00			                db    0
 04BF  00			                db    0
 04C0  38			                db  38h ; 8
 04C1  00			                db    0
 04C2  00			                db    0
 04C3  00			                db    0
 04C4  05			                db    5
 04C5  00			                db    0
 04C6  00			                db    0
 04C7  01			                db    1
 04C8  90			                db  90h
 04C9  00			                db    0
 04CA  34			                db  34h ; 4
 04CB  12			                db  12h
 04CC  33			                db  33h ; 3
 04CD  33			                db  33h ; 3
 04CE  FE			                db 0FEh
 04CF  3F			                db  3Fh ; ?
 04D0  05			                db    5
 04D1  04			                db    4
 04D2  0F			                db  0Fh
 04D3  0F			                db  0Fh
 04D4  00			                db    0
 04D5  00			                db    0
 04D6  38			                db  38h ; 8
 04D7  00			                db    0
 04D8  00			                db    0
 04D9  05			                db    5
 04DA  05			                db    5
 04DB  00			                db    0
 04DC  00			                db    0
 04DD  01			                db    1
 04DE  00			                db    0
 04DF  00			                db    0
 04E0  00			                db    0
 04E1  00			                db    0
 04E2  00			                db    0
 04E3  00			                db    0
 04E4  00			                db    0
 04E5  00			                db    0
 04E6  0B			                db  0Bh
 04E7  09			                db    9
 04E8  0F			                db  0Fh
 04E9  0F			                db  0Fh
 04EA  00			                db    0
 04EB  00			                db    0
 04EC  3F			                db  3Fh ; ?
 04ED  00			                db    0
 04EE  00			                db    0
 04EF  00			                db    0
 04F0  05			                db    5
 04F1  00			                db    0
 04F2  00			                db    0
 04F3  01			                db    1
 04F4  70			                db  70h ; p
 04F5  00			                db    0
 04F6  FF			                db 0FFh
 04F7  07			                db    7
 04F8  00			                db    0
 04F9  01			                db    1
 04FA  0B			                db  0Bh
 04FB  80			                db  80h
 04FC  04			                db    4
 04FD  04			                db    4
 04FE  0F			                db  0Fh
 04FF  0F			                db  0Fh
 0500  00			                db    0
 0501  00			                db    0
 0502  3F			                db  3Fh ; ?
 0503  00			                db    0
 0504  00			                db    0
 0505  05			                db    5
 0506  00			                db    0
 0507  00			                db    0
 0508  00			                db    0
 0509  01			                db    1
 050A  00			                db    0
 050B  00			                db    0
 050C  00			                db    0
 050D  00			                db    0
 050E  00			                db    0
 050F  00			                db    0
 0510  00			                db    0
 0511  00			                db    0
 0512  07			                db    7
 0513  05			                db    5
 0514  0D			                db  0Dh
 0515  01			                db    1
 0516  01			                db    1
 0517  00			                db    0
 0518  1F			                db  1Fh
 0519  00			                db    0
 051A  00			                db    0
 051B  01			                db    1
 051C  00			                db    0
 051D  00			                db    0
 051E  00			                db    0
 051F  00			                db    0
 0520  00			                db    0
 0521  00			                db    0
 0522  00			                db    0
 0523  00			                db    0
 0524  00			                db    0
 0525  00			                db    0
 0526  00			                db    0
 0527  00			                db    0
 0528  07			                db    7
 0529  00			                db    0
 052A  06			                db    6
 052B  06			                db    6
 052C  01			                db    1
 052D  00			                db    0
 052E  3F			                db  3Fh ; ?
 052F  00			                db    0
 0530  02			                db    2
 0531  01			                db    1
 0532  07			                db    7
 0533  00			                db    0
 0534  00			                db    0
 0535  01			                db    1
 0536  00			                db    0
 0537  00			                db    0
 0538  00			                db    0
 0539  00			                db    0
 053A  00			                db    0
 053B  00			                db    0
 053C  00			                db    0
 053D  00			                db    0
 053E  07			                db    7
 053F  01			                db    1
 0540  05			                db    5
 0541  0B			                db  0Bh
 0542  01			                db    1
 0543  00			                db    0
 0544  2F			                db  2Fh ; /
 0545  00			                db    0
 0546  00			                db    0
 0547  01			                db    1
 0548  06			                db    6
 0549  00			                db    0
 054A  00			                db    0
 054B  01			                db    1
 054C  00			                db    0
 054D  00			                db    0
 054E  00			                db    0
 054F  00			                db    0
 0550  00			                db    0
 0551  00			                db    0
 0552  00			                db    0
 0553  00			                db    0
 0554  09			                db    9
 0555  01			                db    1
 0556  06			                db    6
 0557  0A			                db  0Ah
 0558  01			                db    1
 0559  00			                db    0
 055A  3F			                db  3Fh ; ?
 055B  00			                db    0
 055C  01			                db    1
 055D  01			                db    1
 055E  02			                db    2
 055F  00			                db    0
 0560  00			                db    0
 0561  01			                db    1
 0562  00			                db    0
 0563  00			                db    0
 0564  00			                db    0
 0565  00			                db    0
 0566  00			                db    0
 0567  00			                db    0
 0568  00			                db    0
 0569  00			                db    0
 056A  0C			                db  0Ch
 056B  09			                db    9
 056C  07			                db    7
 056D  06			                db    6
 056E  00			                db    0
 056F  00			                db    0
 0570  3B			                db  3Bh ; ;
 0571  00			                db    0
 0572  00			                db    0
 0573  03			                db    3
 0574  06			                db    6
 0575  00			                db    0
 0576  00			                db    0
 0577  01			                db    1
 0578  00			                db    0
 0579  00			                db    0
 057A  00			                db    0
 057B  00			                db    0
 057C  00			                db    0
 057D  00			                db    0
 057E  00			                db    0
 057F  00			                db    0
 0580  0A			                db  0Ah
 0581  03			                db    3
 0582  0F			                db  0Fh
 0583  0A			                db  0Ah
 0584  00			                db    0
 0585  00			                db    0
 0586  3F			                db  3Fh ; ?
 0587  00			                db    0
 0588  00			                db    0
 0589  01			                db    1
 058A  06			                db    6
 058B  00			                db    0
 058C  00			                db    0
 058D  01			                db    1
 058E  00			                db    0
 058F  00			                db    0
 0590  00			                db    0
 0591  00			                db    0
 0592  00			                db    0
 0593  00			                db    0
 0594  00			                db    0
 0595  00			                db    0
 0596  08			                db    8
 0597  03			                db    3
 0598  04			                db    4
 0599  03			                db    3
 059A  01			                db    1
 059B  00			                db    0
 059C  28			                db  28h ; (
 059D  00			                db    0
 059E  00			                db    0
 059F  02			                db    2
 05A0  00			                db    0
 05A1  00			                db    0
 05A2  00			                db    0
 05A3  01			                db    1
 05A4  00			                db    0
 05A5  00			                db    0
 05A6  00			                db    0
 05A7  00			                db    0
 05A8  00			                db    0
 05A9  00			                db    0
 05AA  00			                db    0
 05AB  00			                db    0
 05AC  05			                db    5
 05AD  01			                db    1
 05AE  03			                db    3
 05AF  05			                db    5
 05B0  01			                db    1
 05B1  00			                db    0
 05B2  3F			                db  3Fh ; ?
 05B3  00			                db    0
 05B4  00			                db    0
 05B5  02			                db    2
 05B6  01			                db    1
 05B7  00			                db    0
 05B8  00			                db    0
 05B9  01			                db    1
 05BA  00			                db    0
 05BB  00			                db    0
 05BC  00			                db    0
 05BD  00			                db    0
 05BE  00			                db    0
 05BF  00			                db    0
 05C0  00			                db    0
 05C1  00			                db    0
 05C2  08			                db    8
 05C3  03			                db    3
 05C4  04			                db    4
 05C5  03			                db    3
 05C6  01			                db    1
 05C7  00			                db    0
 05C8  29			                db  29h ; )
 05C9  00			                db    0
 05CA  00			                db    0
 05CB  02			                db    2
 05CC  02			                db    2
 05CD  00			                db    0
 05CE  00			                db    0
 05CF  01			                db    1
 05D0  00			                db    0
 05D1  00			                db    0
 05D2  00			                db    0
 05D3  00			                db    0
 05D4  00			                db    0
 05D5  00			                db    0
 05D6  00			                db    0
 05D7  00			                db    0
 05D8  08			                db    8
 05D9  04			                db    4
 05DA  0F			                db  0Fh
 05DB  05			                db    5
 05DC  01			                db    1
 05DD  00			                db    0
 05DE  3F			                db  3Fh ; ?
 05DF  00			                db    0
 05E0  03			                db    3
 05E1  08			                db    8
 05E2  07			                db    7
 05E3  00			                db    0
 05E4  00			                db    0
 05E5  01			                db    1
 05E6  00			                db    0
 05E7  00			                db    0
 05E8  00			                db    0
 05E9  00			                db    0
 05EA  00			                db    0
 05EB  00			                db    0
 05EC  00			                db    0
 05ED  00			                db    0
 05EE  08			                db    8
 05EF  03			                db    3
 05F0  04			                db    4
 05F1  03			                db    3
 05F2  01			                db    1
 05F3  00			                db    0
 05F4  21			                db  21h ; !
 05F5  00			                db    0
 05F6  00			                db    0
 05F7  02			                db    2
 05F8  02			                db    2
 05F9  00			                db    0
 05FA  00			                db    0
 05FB  01			                db    1
 05FC  00			                db    0
 05FD  00			                db    0
 05FE  00			                db    0
 05FF  00			                db    0
 0600  00			                db    0
 0601  00			                db    0
 0602  00			                db    0
 0603  00			                db    0
 0604  08			                db    8
 0605  01			                db    1
 0606  03			                db    3
 0607  05			                db    5
 0608  01			                db    1
 0609  00			                db    0
 060A  3F			                db  3Fh ; ?
 060B  00			                db    0
 060C  01			                db    1
 060D  04			                db    4
 060E  07			                db    7
 060F  00			                db    0
 0610  00			                db    0
 0611  01			                db    1
 0612  00			                db    0
 0613  00			                db    0
 0614  00			                db    0
 0615  00			                db    0
 0616  00			                db    0
 0617  00			                db    0
 0618  00			                db    0
 0619  00			                db    0
 061A  07			                db    7
 061B  05			                db    5
 061C  00			                db    0
 061D  0F			                db  0Fh
 061E  01			                db    1
 061F  00			                db    0
 0620  3F			                db  3Fh ; ?
 0621  00			                db    0
 0622  00			                db    0
 0623  01			                db    1
 0624  07			                db    7
 0625  00			                db    0
 0626  00			                db    0
 0627  01			                db    1
 0628  00			                db    0
 0629  00			                db    0
 062A  00			                db    0
 062B  00			                db    0
 062C  00			                db    0
 062D  00			                db    0
 062E  00			                db    0
 062F  00			                db    0
 0630  0B			                db  0Bh
 0631  02			                db    2
 0632  00			                db    0
 0633  0F			                db  0Fh
 0634  01			                db    1
 0635  00			                db    0
 0636  3F			                db  3Fh ; ?
 0637  00			                db    0
 0638  02			                db    2
 0639  02			                db    2
 063A  07			                db    7
 063B  00			                db    0
 063C  00			                db    0
 063D  01			                db    1
 063E  00			                db    0
 063F  00			                db    0
 0640  00			                db    0
 0641  00			                db    0
 0642  00			                db    0
 0643  00			                db    0
 0644  00			                db    0
 0645  00			                db    0
 0646  0D			                db  0Dh
 0647  09			                db    9
 0648  0F			                db  0Fh
 0649  0F			                db  0Fh
 064A  00			                db    0
 064B  00			                db    0
 064C  3F			                db  3Fh ; ?
 064D  00			                db    0
 064E  00			                db    0
 064F  00			                db    0
 0650  05			                db    5
 0651  00			                db    0
 0652  00			                db    0
 0653  01			                db    1
 0654  50			                db  50h ; P
 0655  00			                db    0
 0656  FF			                db 0FFh
 0657  05			                db    5
 0658  80			                db  80h
 0659  02			                db    2
 065A  00			                db    0
 065B  00			                db    0
 065C  0D			                db  0Dh
 065D  04			                db    4
 065E  0F			                db  0Fh
 065F  0F			                db  0Fh
 0660  00			                db    0
 0661  00			                db    0
 0662  3F			                db  3Fh ; ?
 0663  00			                db    0
 0664  00			                db    0
 0665  05			                db    5
 0666  05			                db    5
 0667  00			                db    0
 0668  00			                db    0
 0669  01			                db    1
 066A  00			                db    0
 066B  00			                db    0
 066C  00			                db    0
 066D  00			                db    0
 066E  00			                db    0
 066F  00			                db    0
 0670  00			                db    0
 0671  00			                db    0
 0672  0D			                db  0Dh
 0673  09			                db    9
 0674  0F			                db  0Fh
 0675  0F			                db  0Fh
 0676  00			                db    0
 0677  00			                db    0
 0678  3F			                db  3Fh ; ?
 0679  00			                db    0
 067A  00			                db    0
 067B  01			                db    1
 067C  05			                db    5
 067D  00			                db    0
 067E  00			                db    0
 067F  01			                db    1
 0680  60			                db  60h ; `
 0681  00			                db    0
 0682  FF			                db 0FFh
 0683  07			                db    7
 0684  00			                db    0
 0685  02			                db    2
 0686  01			                db    1
 0687  00			                db    0
 0688  0D			                db  0Dh
 0689  03			                db    3
 068A  0F			                db  0Fh
 068B  0F			                db  0Fh
 068C  00			                db    0
 068D  00			                db    0
 068E  3F			                db  3Fh ; ?
 068F  00			                db    0
 0690  00			                db    0
 0691  08			                db    8
 0692  05			                db    5
 0693  00			                db    0
 0694  00			                db    0
 0695  01			                db    1
 0696  00			                db    0
 0697  00			                db    0
 0698  00			                db    0
 0699  00			                db    0
 069A  00			                db    0
 069B  00			                db    0
 069C  00			                db    0
 069D  00			                db    0
 069E  0D			                db  0Dh
 069F  09			                db    9
 06A0  0F			                db  0Fh
 06A1  0F			                db  0Fh
 06A2  00			                db    0
 06A3  00			                db    0
 06A4  3F			                db  3Fh ; ?
 06A5  00			                db    0
 06A6  00			                db    0
 06A7  02			                db    2
 06A8  05			                db    5
 06A9  00			                db    0
 06AA  00			                db    0
 06AB  01			                db    1
 06AC  50			                db  50h ; P
 06AD  00			                db    0
 06AE  F0			                db 0F0h
 06AF  03			                db    3
 06B0  00			                db    0
 06B1  03			                db    3
 06B2  01			                db    1
 06B3  00			                db    0
 06B4  0D			                db  0Dh
 06B5  04			                db    4
 06B6  0F			                db  0Fh
 06B7  0F			                db  0Fh
 06B8  00			                db    0
 06B9  00			                db    0
 06BA  3F			                db  3Fh ; ?
 06BB  00			                db    0
 06BC  00			                db    0
 06BD  05			                db    5
 06BE  05			                db    5
 06BF  00			                db    0
 06C0  00			                db    0
 06C1  01			                db    1
 06C2  00			                db    0
 06C3  00			                db    0
 06C4  00			                db    0
 06C5  00			                db    0
 06C6  00			                db    0
 06C7  00			                db    0
 06C8  00			                db    0
 06C9  00			                db    0
 06CA  0D			                db  0Dh
 06CB  09			                db    9
 06CC  0F			                db  0Fh
 06CD  0F			                db  0Fh
 06CE  00			                db    0
 06CF  00			                db    0
 06D0  3F			                db  3Fh ; ?
 06D1  00			                db    0
 06D2  00			                db    0
 06D3  00			                db    0
 06D4  05			                db    5
 06D5  00			                db    0
 06D6  00			                db    0
 06D7  01			                db    1
 06D8  60			                db  60h ; `
 06D9  00			                db    0
 06DA  F6			                db 0F6h
 06DB  07			                db    7
 06DC  80			                db  80h
 06DD  03			                db    3
 06DE  00			                db    0
 06DF  00			                db    0
 06E0  0D			                db  0Dh
 06E1  04			                db    4
 06E2  0F			                db  0Fh
 06E3  0F			                db  0Fh
 06E4  00			                db    0
 06E5  00			                db    0
 06E6  3F			                db  3Fh ; ?
 06E7  00			                db    0
 06E8  00			                db    0
 06E9  07			                db    7
 06EA  05			                db    5
 06EB  00			                db    0
 06EC  00			                db    0
 06ED  01			                db    1
 06EE  00			                db    0
 06EF  00			                db    0
 06F0  00			                db    0
 06F1  00			                db    0
 06F2  00			                db    0
 06F3  00			                db    0
 06F4  00			                db    0
 06F5  00			                db    0
 06F6  0D			                db  0Dh
 06F7  09			                db    9
 06F8  0F			                db  0Fh
 06F9  0F			                db  0Fh
 06FA  00			                db    0
 06FB  00			                db    0
 06FC  3F			                db  3Fh ; ?
 06FD  00			                db    0
 06FE  00			                db    0
 06FF  01			                db    1
 0700  05			                db    5
 0701  00			                db    0
 0702  00			                db    0
 0703  01			                db    1
 0704  50			                db  50h ; P
 0705  00			                db    0
 0706  FF			                db 0FFh
 0707  03			                db    3
 0708  80			                db  80h
 0709  03			                db    3
 070A  FF			                db 0FFh
 070B  FF			                db 0FFh
 070C  0D			                db  0Dh
 070D  04			                db    4
 070E  0F			                db  0Fh
 070F  0F			                db  0Fh
 0710  00			                db    0
 0711  00			                db    0
 0712  3F			                db  3Fh ; ?
 0713  00			                db    0
 0714  00			                db    0
 0715  04			                db    4
 0716  05			                db    5
 0717  00			                db    0
 0718  00			                db    0
 0719  01			                db    1
 071A  00			                db    0
 071B  00			                db    0
 071C  00			                db    0
 071D  00			                db    0
 071E  00			                db    0
 071F  00			                db    0
 0720  00			                db    0
 0721  00			                db    0
 0722  0D			                db  0Dh
 0723  09			                db    9
 0724  0F			                db  0Fh
 0725  0F			                db  0Fh
 0726  00			                db    0
 0727  00			                db    0
 0728  3F			                db  3Fh ; ?
 0729  00			                db    0
 072A  00			                db    0
 072B  00			                db    0
 072C  05			                db    5
 072D  00			                db    0
 072E  00			                db    0
 072F  01			                db    1
 0730  60			                db  60h ; `
 0731  00			                db    0
 0732  C7			                db 0C7h
 0733  05			                db    5
 0734  80			                db  80h
 0735  04			                db    4
 0736  F6			                db 0F6h
 0737  FF			                db 0FFh
 0738  0D			                db  0Dh
 0739  03			                db    3
 073A  0F			                db  0Fh
 073B  0F			                db  0Fh
 073C  00			                db    0
 073D  00			                db    0
 073E  3F			                db  3Fh ; ?
 073F  00			                db    0
 0740  00			                db    0
 0741  07			                db    7
 0742  05			                db    5
 0743  00			                db    0
 0744  00			                db    0
 0745  01			                db    1
 0746  00			                db    0
 0747  00			                db    0
 0748  00			                db    0
 0749  00			                db    0
 074A  00			                db    0
 074B  00			                db    0
 074C  00			                db    0
 074D  00			                db    0
 074E  0C			                db  0Ch
 074F  00			                db    0
 0750  00			                db    0
 0751  05			                db    5
 0752  01			                db    1
 0753  00			                db    0
 0754  2A			                db  2Ah ; *
 0755  00			                db    0
 0756  03			                db    3
 0757  0E			                db  0Eh
 0758  07			                db    7
 0759  00			                db    0
 075A  00			                db    0
 075B  01			                db    1
 075C  00			                db    0
 075D  00			                db    0
 075E  00			                db    0
 075F  00			                db    0
 0760  00			                db    0
 0761  00			                db    0
 0762  00			                db    0
 0763  00			                db    0
 0764  08			                db    8
 0765  00			                db    0
 0766  00			                db    0
 0767  07			                db    7
 0768  01			                db    1
 0769  00			                db    0
 076A  3F			                db  3Fh ; ?
 076B  00			                db    0
 076C  02			                db    2
 076D  0F			                db  0Fh
 076E  07			                db    7
 076F  00			                db    0
 0770  00			                db    0
 0771  01			                db    1
 0772  00			                db    0
 0773  00			                db    0
 0774  00			                db    0
 0775  00			                db    0
 0776  00			                db    0
 0777  00			                db    0
 0778  00			                db    0
 0779  00			                db    0
 077A  09			                db    9
 077B  00			                db    0
 077C  0F			                db  0Fh
 077D  07			                db    7
 077E  01			                db    1
 077F  00			                db    0
 0780  3F			                db  3Fh ; ?
 0781  00			                db    0
 0782  02			                db    2
 0783  00			                db    0
 0784  00			                db    0
 0785  00			                db    0
 0786  01			                db    1
 0787  01			                db    1
 0788  00			                db    0
 0789  00			                db    0
 078A  00			                db    0
 078B  00			                db    0
 078C  00			                db    0
 078D  00			                db    0
 078E  00			                db    0
 078F  00			                db    0
 0790  08			                db    8
 0791  00			                db    0
 0792  0F			                db  0Fh
 0793  0A			                db  0Ah
 0794  01			                db    1
 0795  00			                db    0
 0796  3F			                db  3Fh ; ?
 0797  00			                db    0
 0798  01			                db    1
 0799  04			                db    4
 079A  00			                db    0
 079B  00			                db    0
 079C  00			                db    0
 079D  01			                db    1
 079E  00			                db    0
 079F  00			                db    0
 07A0  00			                db    0
 07A1  00			                db    0
 07A2  00			                db    0
 07A3  00			                db    0
 07A4  00			                db    0
 07A5  00			                db    0
 07A6 00			unk_121D6       db    0                 ; DATA XREF: seg127c:054C↓o
 07A7  03			                db    3
 07A8  FC			                db 0FCh
 07A9  02			                db    2
 07AA  F9			                db 0F9h
 07AB  3E			                db  3Eh ; >
 07AC  09			                db    9
 07AD  51			                db  51h ; Q
 07AE  00			                db    0
 07AF  00			                db    0
 07B0  FC			                db 0FCh
 07B1  14			                db  14h
 07B2  F9			                db 0F9h
 07B3  3E			                db  3Eh ; >
 07B4  09			                db    9
 07B5  51			                db  51h ; Q
 07B6  00			                db    0
 07B7  00			                db    0
 07B8  FC			                db 0FCh
 07B9  16			                db  16h
 07BA  F9			                db 0F9h
 07BB  3E			                db  3Eh ; >
 07BC  09			                db    9
 07BD  51			                db  51h ; Q
 07BE  00			                db    0
 07BF  00			                db    0
 07C0  FC			                db 0FCh
 07C1  18			                db  18h
 07C2  F9			                db 0F9h
 07C3  3E			                db  3Eh ; >
 07C4  09			                db    9
 07C5  51			                db  51h ; Q
 07C6  00			                db    0
 07C7  00			                db    0
 07C8  FC			                db 0FCh
 07C9  03			                db    3
 07CA  F9			                db 0F9h
 07CB  3F			                db  3Fh ; ?
 07CC  09			                db    9
 07CD  78			                db  78h ; x
 07CE  00			                db    0
 07CF  00			                db    0
 07D0  FC			                db 0FCh
 07D1  15			                db  15h
 07D2  F9			                db 0F9h
 07D3  3D			                db  3Dh ; =
 07D4  09			                db    9
 07D5  78			                db  78h ; x
 07D6  00			                db    0
 07D7  00			                db    0
 07D8  FC			                db 0FCh
 07D9  17			                db  17h
 07DA  F9			                db 0F9h
 07DB  3F			                db  3Fh ; ?
 07DC  09			                db    9
 07DD  78			                db  78h ; x
 07DE  00			                db    0
 07DF  00			                db    0
 07E0  FC			                db 0FCh
 07E1  19			                db  19h
 07E2  F9			                db 0F9h
 07E3  3C			                db  3Ch ; <
 07E4  09			                db    9
 07E5  78			                db  78h ; x
 07E6  00			                db    0
 07E7  00			                db    0
 07E8 FC			unk_12218       db 0FCh                 ; DATA XREF: sub_12CB1+7↓o
 07E9  04			                db    4
 07EA  F9			                db 0F9h
 07EB  39			                db  39h ; 9
 07EC  FE			                db 0FEh
 07ED  09			                db    9
 07EE  07			                db    7
 07EF  FF			                db 0FFh
 07F0  05			                db    5
 07F1  00			                db    0
 07F2  00			                db    0
 07F3  00			                db    0
 07F4 FC			unk_12224       db 0FCh                 ; DATA XREF: sub_12CBF+7↓o
 07F5  05			                db    5
 07F6  F9			                db 0F9h
 07F7  34			                db  34h ; 4
 07F8  29			                db  29h ; )
 07F9  3C			                db  3Ch ; <
 07FA  00			                db    0
 07FB  00			                db    0
 07FC  00			                db    0
 07FD  00			                db    0
 07FE FC			unk_1222E       db 0FCh                 ; DATA XREF: seg127c:0522↓o
 07FF  08			                db    8
 0800  F9			                db 0F9h
 0801  2C			                db  2Ch ; ,
 0802  FB			                db 0FBh
 0803  08			                db    8
 0804  FA			                db 0FAh
 0805  11			                db  11h
 0806  44			                db  44h ; D
 0807  14			                db  14h
 0808  FA			                db 0FAh
 0809  00			                db    0
 080A  00			                db    0
 080B  00			                db    0
 080C FC			unk_1223C       db 0FCh                 ; DATA XREF: seg127c:0530↓o
 080D  08			                db    8
 080E  F9			                db 0F9h
 080F  28			                db  28h ; (
 0810  FB			                db 0FBh
 0811  16			                db  16h
 0812  3A			                db  3Ah ; :
 0813  1E			                db  1Eh
 0814  00			                db    0
 0815  00			                db    0
 0816 FC			unk_12246       db 0FCh                 ; DATA XREF: seg127c:053E↓o
 0817  08			                db    8
 0818  F9			                db 0F9h
 0819  23			                db  23h ; #
 081A  FB			                db 0FBh
 081B  12			                db  12h
 081C  27			                db  27h ; '
 081D  1E			                db  1Eh
 081E  00			                db    0
 081F  00			                db    0
 0820 FC			unk_12250       db 0FCh                 ; DATA XREF: seg127c:055A↓o
 0821  0C			                db  0Ch
 0822  F9			                db 0F9h
 0823  35			                db  35h ; 5
 0824  09			                db    9
 0825  7F			                db  7Fh ; 
 0826  00			                db    0
 0827  00			                db    0
 0828 FC			unk_12258       db 0FCh                 ; DATA XREF: seg127c:0568↓o
 0829  0A			                db  0Ah
 082A  F9			                db 0F9h
 082B  3D			                db  3Dh ; =
 082C  09			                db    9
 082D  7F			                db  7Fh ; 
 082E  00			                db    0
 082F  00			                db    0
 0830 FC			unk_12260       db 0FCh                 ; DATA XREF: seg127c:05A8↓o
 0831  0B			                db  0Bh
 0832  F9			                db 0F9h
 0833  2B			                db  2Bh ; +
 0834  09			                db    9
 0835  91			                db  91h
 0836  00			                db    0
 0837  00			                db    0
 0838 FC			unk_12268       db 0FCh                 ; DATA XREF: seg127c:0576↓o
 0839  00			                db    0
 083A  F9			                db 0F9h
 083B  36			                db  36h ; 6
 083C  4F			                db  4Fh ; O
 083D  08			                db    8
 083E  4A			                db  4Ah ; J
 083F  08			                db    8
 0840  00			                db    0
 0841  00			                db    0
 0842 00			unk_12272       db    0                 ; DATA XREF: seg127c:0584↓o
 0843  00			                db    0
 0844 FC			unk_12274       db 0FCh                 ; DATA XREF: seg127c:0599↓o
 0845  13			                db  13h
 0846  F9			                db 0F9h
 0847  35			                db  35h ; 5
 0848  FB			                db 0FBh
 0849  07			                db    7
 084A  30			                db  30h ; 0
 084B  0E			                db  0Eh
 084C  00			                db    0
 084D  00			                db    0
 084E FC			unk_1227E       db 0FCh                 ; DATA XREF: seg127c:0514↓o
 084F  07			                db    7
 0850  F9			                db 0F9h
 0851  34			                db  34h ; 4
 0852  48			                db  48h ; H
 0853  08			                db    8
 0854  48			                db  48h ; H
 0855  0F			                db  0Fh
 0856  00			                db    0
 0857  00			                db    0
 0858 FC			unk_12288       db 0FCh                 ; DATA XREF: sub_12D6F+7↓o
 0859  06			                db    6
 085A  F9			                db 0F9h
 085B  00			                db    0
 085C  F8			                db 0F8h
 085D  14			                db  14h
 085E  01			                db    1
 085F  FA			                db 0FAh
 0860  03			                db    3
 0861  01			                db    1
 0862  96			                db  96h
 0863  FA			                db 0FAh
 0864  00			                db    0
 0865  F8			                db 0F8h
 0866  00			                db    0
 0867  00			                db    0
 0868  00			                db    0
 0869  00			                db    0
 086A FC			unk_1229A       db 0FCh                 ; DATA XREF: seg127c:05C4↓o
 086B  06			                db    6
 086C  F9			                db 0F9h
 086D  12			                db  12h
 086E  F8			                db 0F8h
 086F  14			                db  14h
 0870  FF			                db 0FFh
 0871  FA			                db 0FAh
 0872  FD			                db 0FDh
 0873  0B			                db  0Bh
 0874  C8			                db 0C8h
 0875  FA			                db 0FAh
 0876  00			                db    0
 0877  F8			                db 0F8h
 0878  00			                db    0
 0879  00			                db    0
 087A  00			                db    0
 087B  00			                db    0
 087C FC			byte_122AC      db 0FCh                 ; DATA XREF: seg127c:05D2↓o
 087D  1B			                db 1Bh
 087E  F9			                db 0F9h
 087F  2D			                db 2Dh
 0880  04			                db    4
 0881  3C			                db  3Ch ; <
 0882  00			                db    0
 0883  00			                db    0
 0884 FC			byte_122B4      db 0FCh                 ; DATA XREF: seg127c:05DD↓o
 0885  1A			                db 1Ah
 0886  F9			                db 0F9h
 0887  1E			                db 1Eh
 0888  21			                db 21h
 0889  3C			                db  3Ch ; <
 088A  00			                db    0
 088B  00			                db    0
 088C FC			unk_122BC       db 0FCh                 ; DATA XREF: sub_12BA8+7↓o
 088D  0E			                db  0Eh
 088E  F9			                db 0F9h
 088F  26			                db  26h ; &
 0890  FB			                db 0FBh
 0891  05			                db    5
 0892  45			                db  45h ; E
 0893  0B			                db  0Bh
 0894  48			                db  48h ; H
 0895  0B			                db  0Bh
 0896  4A			                db  4Ah ; J
 0897  A5			                db 0A5h
 0898  39			                db  39h ; 9
 0899  0B			                db  0Bh
 089A  3C			                db  3Ch ; <
 089B  0B			                db  0Bh
 089C  FC			                db 0FCh
 089D  0D			                db  0Dh
 089E  F9			                db 0F9h
 089F  34			                db  34h ; 4
 08A0  FE			                db 0FEh
 08A1  21			                db  21h ; !
 08A2  16			                db  16h
 08A3  24			                db  24h ; $
 08A4  0B			                db  0Bh
 08A5  26			                db  26h ; &
 08A6  63			                db  63h ; c
 08A7  29			                db  29h ; )
 08A8  0B			                db  0Bh
 08A9  28			                db  28h ; (
 08AA  0B			                db  0Bh
 08AB  24			                db  24h ; $
 08AC  0B			                db  0Bh
 08AD  23			                db  23h ; #
 08AE  37			                db  37h ; 7
 08AF  23			                db  23h ; #
 08B0  0B			                db  0Bh
 08B1  25			                db  25h ; %
 08B2  0B			                db  0Bh
 08B3  26			                db  26h ; &
 08B4  0B			                db  0Bh
 08B5  24			                db  24h ; $
 08B6  2C			                db  2Ch ; ,
 08B7  24			                db  24h ; $
 08B8  0B			                db  0Bh
 08B9  29			                db  29h ; )
 08BA  0B			                db  0Bh
 08BB  28			                db  28h ; (
 08BC  0B			                db  0Bh
 08BD  24			                db  24h ; $
 08BE  0B			                db  0Bh
 08BF  26			                db  26h ; &
 08C0  42			                db  42h ; B
 08C1  1D			                db  1Dh
 08C2  0B			                db  0Bh
 08C3  1F			                db  1Fh
 08C4  0B			                db  0Bh
 08C5  21			                db  21h ; !
 08C6  37			                db  37h ; 7
 08C7  29			                db  29h ; )
 08C8  06			                db    6
 08C9  28			                db  28h ; (
 08CA  05			                db    5
 08CB  24			                db  24h ; $
 08CC  16			                db  16h
 08CD  26			                db  26h ; &
 08CE  37			                db  37h ; 7
 08CF  26			                db  26h ; &
 08D0  0B			                db  0Bh
 08D1  28			                db  28h ; (
 08D2  0B			                db  0Bh
 08D3  29			                db  29h ; )
 08D4  0B			                db  0Bh
 08D5  28			                db  28h ; (
 08D6  2C			                db  2Ch ; ,
 08D7  28			                db  28h ; (
 08D8  0B			                db  0Bh
 08D9  28			                db  28h ; (
 08DA  0B			                db  0Bh
 08DB  29			                db  29h ; )
 08DC  0B			                db  0Bh
 08DD  2B			                db  2Bh ; +
 08DE  0B			                db  0Bh
 08DF  2D			                db  2Dh ; -
 08E0  0B			                db  0Bh
 08E1  FC			                db 0FCh
 08E2  12			                db  12h
 08E3  F9			                db 0F9h
 08E4  2C			                db  2Ch ; ,
 08E5  FF			                db 0FFh
 08E6  01			                db    1
 08E7  00			                db    0
 08E8  0B			                db  0Bh
 08E9  FC			                db 0FCh
 08EA  0E			                db  0Eh
 08EB  29			                db  29h ; )
 08EC  0B			                db  0Bh
 08ED  2B			                db  2Bh ; +
 08EE  0B			                db  0Bh
 08EF  32			                db  32h ; 2
 08F0  42			                db  42h ; B
 08F1  29			                db  29h ; )
 08F2  0B			                db  0Bh
 08F3  2B			                db  2Bh ; +
 08F4  0B			                db  0Bh
 08F5  30			                db  30h ; 0
 08F6  42			                db  42h ; B
 08F7  29			                db  29h ; )
 08F8  0B			                db  0Bh
 08F9  2B			                db  2Bh ; +
 08FA  0B			                db  0Bh
 08FB  32			                db  32h ; 2
 08FC  42			                db  42h ; B
 08FD  29			                db  29h ; )
 08FE  0B			                db  0Bh
 08FF  2B			                db  2Bh ; +
 0900  0B			                db  0Bh
 0901  30			                db  30h ; 0
 0902  16			                db  16h
 0903  00			                db    0
 0904  00			                db    0
 0905  00			                db    0
 0906 FC			unk_12336       db 0FCh                 ; DATA XREF: sub_12BA8+12↓o
 0907  0E			                db  0Eh
 0908  F9			                db 0F9h
 0909  26			                db  26h ; &
 090A  FB			                db 0FBh
 090B  05			                db    5
 090C  2D			                db  2Dh ; -
 090D  0B			                db  0Bh
 090E  30			                db  30h ; 0
 090F  0B			                db  0Bh
 0910  32			                db  32h ; 2
 0911  A5			                db 0A5h
 0912  2D			                db  2Dh ; -
 0913  0B			                db  0Bh
 0914  30			                db  30h ; 0
 0915  0B			                db  0Bh
 0916  F9			                db 0F9h
 0917  1D			                db  1Dh
 0918  FE			                db 0FEh
 0919  00			                db    0
 091A  16			                db  16h
 091B  36			                db  36h ; 6
 091C  0B			                db  0Bh
 091D  00			                db    0
 091E  16			                db  16h
 091F  36			                db  36h ; 6
 0920  0B			                db  0Bh
 0921  00			                db    0
 0922  16			                db  16h
 0923  34			                db  34h ; 4
 0924  0B			                db  0Bh
 0925  00			                db    0
 0926  16			                db  16h
 0927  37			                db  37h ; 7
 0928  37			                db  37h ; 7
 0929  00			                db    0
 092A  16			                db  16h
 092B  3B			                db  3Bh ; ;
 092C  0B			                db  0Bh
 092D  00			                db    0
 092E  16			                db  16h
 092F  3B			                db  3Bh ; ;
 0930  0B			                db  0Bh
 0931  00			                db    0
 0932  16			                db  16h
 0933  3C			                db  3Ch ; <
 0934  0B			                db  0Bh
 0935  00			                db    0
 0936  16			                db  16h
 0937  3C			                db  3Ch ; <
 0938  37			                db  37h ; 7
 0939  FC			                db 0FCh
 093A  0D			                db  0Dh
 093B  F9			                db 0F9h
 093C  33			                db  33h ; 3
 093D  2D			                db  2Dh ; -
 093E  16			                db  16h
 093F  30			                db  30h ; 0
 0940  0B			                db  0Bh
 0941  32			                db  32h ; 2
 0942  63			                db  63h ; c
 0943  26			                db  26h ; &
 0944  06			                db    6
 0945  24			                db  24h ; $
 0946  05			                db    5
 0947  24			                db  24h ; $
 0948  0B			                db  0Bh
 0949  23			                db  23h ; #
 094A  42			                db  42h ; B
 094B  23                db  23h ; #
 094C  0B			                db  0Bh
 094D  25			                db  25h ; %
 094E  0B			                db  0Bh
 094F  26			                db  26h ; &
 0950  0B			                db  0Bh
 0951  24			                db  24h ; $
 0952  2C			                db  2Ch ; ,
 0953  24			                db  24h ; $
 0954  0B			                db  0Bh
 0955  24			                db  24h ; $
 0956  0B			                db  0Bh
 0957  26			                db  26h ; &
 0958  0B			                db  0Bh
 0959  28			                db  28h ; (
 095A  0B			                db  0Bh
 095B  28			                db  28h ; (
 095C  0B			                db  0Bh
 095D  FC			                db 0FCh
 095E  0E			                db  0Eh
 095F  F9			                db 0F9h
 0960  24			                db  24h ; $
 0961  FF			                db 0FFh
 0962  01			                db    1
 0963  2B			                db  2Bh ; +
 0964  37			                db  37h ; 7
 0965  2E			                db  2Eh ; .
 0966  0B			                db  0Bh
 0967  2D			                db  2Dh ; -
 0968  0B			                db  0Bh
 0969  29			                db  29h ; )
 096A  0B			                db  0Bh
 096B  28			                db  28h ; (
 096C  58			                db  58h ; X
 096D  2B			                db  2Bh ; +
 096E  37			                db  37h ; 7
 096F  2E			                db  2Eh ; .
 0970  0B			                db  0Bh
 0971  2D			                db  2Dh ; -
 0972  0B			                db  0Bh
 0973  29			                db  29h ; )
 0974  0B			                db  0Bh
 0975  28			                db  28h ; (
 0976  0B			                db  0Bh
 0977  29			                db  29h ; )
 0978  0B			                db  0Bh
 0979  2B			                db  2Bh ; +
 097A  0B			                db  0Bh
 097B  24			                db  24h ; $
 097C  16			                db  16h
 097D  00			                db    0
 097E  00			                db    0
 097F  00			                db    0
 0980 FC			unk_123B0       db 0FCh                 ; DATA XREF: sub_12BA8+1D↓o
 0981  0E			                db  0Eh
 0982  F9			                db 0F9h
 0983  27			                db  27h ; '
 0984  FB			                db 0FBh
 0985  06			                db    6
 0986  39			                db  39h ; 9
 0987  0B			                db  0Bh
 0988  3C			                db  3Ch ; <
 0989  0B			                db  0Bh
 098A  3E			                db  3Eh ; >
 098B  0B			                db  0Bh
 098C  F9			                db 0F9h
 098D  2D			                db  2Dh ; -
 098E  1A			                db  1Ah
 098F  0B			                db  0Bh
 0990  00			                db    0
 0991  0B			                db  0Bh
 0992  F9			                db 0F9h
 0993  2B			                db  2Bh ; +
 0994  FB			                db 0FBh
 0995  FF			                db 0FFh
 0996  32			                db  32h ; 2
 0997  2C			                db  2Ch ; ,
 0998  2B			                db  2Bh ; +
 0999  2C			                db  2Ch ; ,
 099A  2D			                db  2Dh ; -
 099B  2C			                db  2Ch ; ,
 099C  FB			                db 0FBh
 099D  06			                db    6
 099E  2D			                db  2Dh ; -
 099F  0B			                db  0Bh
 09A0  24			                db  24h ; $
 09A1  0B			                db  0Bh
 09A2  F9			                db 0F9h
 09A3  1C			                db  1Ch
 09A4  FE			                db 0FEh
 09A5  00			                db    0
 09A6  16			                db  16h
 09A7  3E			                db  3Eh ; >
 09A8  0B			                db  0Bh
 09A9  00			                db    0
 09AA  16			                db  16h
 09AB  3E			                db  3Eh ; >
 09AC  0B			                db  0Bh
 09AD  00			                db    0
 09AE  16			                db  16h
 09AF  3C			                db  3Ch ; <
 09B0  0B			                db  0Bh
 09B1  00			                db    0
 09B2  16			                db  16h
 09B3  40			                db  40h ; @
 09B4  37			                db  37h ; 7
 09B5  00			                db    0
 09B6  16			                db  16h
 09B7  40			                db  40h ; @
 09B8  0B			                db  0Bh
 09B9  00			                db    0
 09BA  16			                db  16h
 09BB  40			                db  40h ; @
 09BC  0B			                db  0Bh
 09BD  00			                db    0
 09BE  16			                db  16h
 09BF  41			                db  41h ; A
 09C0  0B			                db  0Bh
 09C1  00			                db    0
 09C2  16			                db  16h
 09C3  3E			                db  3Eh ; >
 09C4  37			                db  37h ; 7
 09C5  FF			                db 0FFh
 09C6  03			                db    3
 09C7  24			                db  24h ; $
 09C8  58			                db  58h ; X
 09C9  FF			                db 0FFh
 09CA  02			                db    2
 09CB  24			                db  24h ; $
 09CC  37			                db  37h ; 7
 09CD  00			                db    0
 09CE  00			                db    0
 09CF  00			                db    0
 09D0 FC			unk_12400       db 0FCh                 ; DATA XREF: sub_12BA8+28↓o
 09D1  10			                db  10h
 09D2  F9			                db 0F9h
 09D3  27			                db  27h ; '
 09D4  FB			                db 0FBh
 09D5  06			                db    6
 09D6  21			                db  21h ; !
 09D7  0B			                db  0Bh
 09D8  24			                db  24h ; $
 09D9  0B			                db  0Bh
 09DA  26			                db  26h ; &
 09DB  0B			                db  0Bh
 09DC  F9			                db 0F9h
 09DD  2D			                db  2Dh ; -
 09DE  0E			                db  0Eh
 09DF  0B			                db  0Bh
 09E0  00			                db    0
 09E1  0B			                db  0Bh
 09E2  F9			                db 0F9h
 09E3  2B			                db  2Bh ; +
 09E4  2B			                db  2Bh ; +
 09E5  2C			                db  2Ch ; ,
 09E6  29			                db  29h ; )
 09E7  2C			                db  2Ch ; ,
 09E8  28			                db  28h ; (
 09E9  2C			                db  2Ch ; ,
 09EA  21			                db  21h ; !
 09EB  0B			                db  0Bh
 09EC  24			                db  24h ; $
 09ED  0B			                db  0Bh
 09EE  F9			                db 0F9h
 09EF  1C			                db  1Ch
 09F0  FB			                db 0FBh
 09F1  10			                db  10h
 09F2  FE			                db 0FEh
 09F3  21			                db  21h ; !
 09F4  4D			                db  4Dh ; M
 09F5  1F			                db  1Fh
 09F6  63			                db  63h ; c
 09F7  21			                db  21h ; !
 09F8  4D			                db  4Dh ; M
 09F9  22			                db  22h ; "
 09FA  63			                db  63h ; c
 09FB  FF			                db 0FFh
 09FC  03			                db    3
 09FD  1D			                db  1Dh
 09FE  21			                db  21h ; !
 09FF  1D			                db  1Dh
 0A00  37			                db  37h ; 7
 0A01  1F			                db  1Fh
 0A02  21			                db  21h ; !
 0A03  1F			                db  1Fh
 0A04  37			                db  37h ; 7
 0A05  1D			                db  1Dh
 0A06  21			                db  21h ; !
 0A07  1D			                db  1Dh
 0A08  37			                db  37h ; 7
 0A09  1F			                db  1Fh
 0A0A  21			                db  21h ; !
 0A0B  1F			                db  1Fh
 0A0C  16			                db  16h
 0A0D  00			                db    0
 0A0E  00			                db    0
 0A0F  00			                db    0
 0A10 FC			unk_12440       db 0FCh                 ; DATA XREF: sub_12BA8+33↓o
 0A11  10			                db  10h
 0A12  F9			                db 0F9h
 0A13  26			                db  26h ; &
 0A14  FB			                db 0FBh
 0A15  05			                db    5
 0A16  21			                db  21h ; !
 0A17  0B			                db  0Bh
 0A18  24			                db  24h ; $
 0A19  0B			                db  0Bh
 0A1A  26			                db  26h ; &
 0A1B  0B			                db  0Bh
 0A1C  F9			                db 0F9h
 0A1D  2D			                db  2Dh ; -
 0A1E  26			                db  26h ; &
 0A1F  0B			                db  0Bh
 0A20  00			                db    0
 0A21  0B			                db  0Bh
 0A22  F9			                db 0F9h
 0A23  2B			                db  2Bh ; +
 0A24  24			                db  24h ; $
 0A25  2C			                db  2Ch ; ,
 0A26  26			                db  26h ; &
 0A27  2C			                db  2Ch ; ,
 0A28  26			                db  26h ; &
 0A29  2C			                db  2Ch ; ,
 0A2A  21			                db  21h ; !
 0A2B  0B			                db  0Bh
 0A2C  24			                db  24h ; $
 0A2D  0B			                db  0Bh
 0A2E  FC			                db 0FCh
 0A2F  11			                db  11h
 0A30  FE			                db 0FEh
 0A31  F9			                db 0F9h
 0A32  28			                db  28h ; (
 0A33  0E			                db  0Eh
 0A34  16			                db  16h
 0A35  07			                db    7
 0A36  0B			                db  0Bh
 0A37  09			                db    9
 0A38  0B			                db  0Bh
 0A39  0C			                db  0Ch
 0A3A  16			                db  16h
 0A3B  0E			                db  0Eh
 0A3C  0B			                db  0Bh
 0A3D  07			                db    7
 0A3E  16			                db  16h
 0A3F  F9			                db 0F9h
 0A40  2A			                db  2Ah ; *
 0A41  09			                db    9
 0A42  0B			                db  0Bh
 0A43  0C			                db  0Ch
 0A44  0B			                db  0Bh
 0A45  0E			                db  0Eh
 0A46  0B			                db  0Bh
 0A47  11			                db  11h
 0A48  0B			                db  0Bh
 0A49  10			                db  10h
 0A4A  0B			                db  0Bh
 0A4B  0C			                db  0Ch
 0A4C  0B			                db  0Bh
 0A4D  09			                db    9
 0A4E  0B			                db  0Bh
 0A4F  FF			                db 0FFh
 0A50  07			                db    7
 0A51  0E			                db  0Eh
 0A52  21			                db  21h ; !
 0A53  0E			                db  0Eh
 0A54  37			                db  37h ; 7
 0A55  10			                db  10h
 0A56  21			                db  21h ; !
 0A57  10			                db  10h
 0A58  37			                db  37h ; 7
 0A59  0E			                db  0Eh
 0A5A  21			                db  21h ; !
 0A5B  0E			                db  0Eh
 0A5C  37			                db  37h ; 7
 0A5D  10			                db  10h
 0A5E  21			                db  21h ; !
 0A5F  10			                db  10h
 0A60  16			                db  16h
 0A61  00			                db    0
 0A62  00			                db    0
 0A63  00			                db    0
 0A64 FC			unk_12494       db 0FCh                 ; DATA XREF: sub_12BA8+3E↓o
 0A65  10			                db  10h
 0A66  F9			                db 0F9h
 0A67  29			                db  29h ; )
 0A68  FB			                db 0FBh
 0A69  06			                db    6
 0A6A  15			                db  15h
 0A6B  0B			                db  0Bh
 0A6C  18			                db  18h
 0A6D  0B			                db  0Bh
 0A6E  1A			                db  1Ah
 0A6F  0B			                db  0Bh
 0A70  F9			                db 0F9h
 0A71  2D			                db  2Dh ; -
 0A72  0E			                db  0Eh
 0A73  0B			                db  0Bh
 0A74  00			                db    0
 0A75  0B			                db  0Bh
 0A76  F9			                db 0F9h
 0A77  2B			                db  2Bh ; +
 0A78  22			                db  22h ; "
 0A79  2C			                db  2Ch ; ,
 0A7A  24			                db  24h ; $
 0A7B  2C			                db  2Ch ; ,
 0A7C  1F			                db  1Fh
 0A7D  2C			                db  2Ch ; ,
 0A7E  21			                db  21h ; !
 0A7F  0B			                db  0Bh
 0A80  18			                db  18h
 0A81  0B			                db  0Bh
 0A82  F9			                db 0F9h
 0A83  22			                db  22h ; "
 0A84  FC			                db 0FCh
 0A85  0F			                db  0Fh
 0A86  FB			                db 0FBh
 0A87  03			                db    3
 0A88  FE			                db 0FEh
 0A89  0E			                db  0Eh
 0A8A  0B			                db  0Bh
 0A8B  FF			                db 0FFh
 0A8C  06			                db    6
 0A8D  0C			                db  0Ch
 0A8E  0B			                db  0Bh
 0A8F  FF			                db 0FFh
 0A90  08			                db    8
 0A91  15			                db  15h
 0A92  0B			                db  0Bh
 0A93  FF			                db 0FFh
 0A94  06			                db    6
 0A95  16			                db  16h
 0A96  0B			                db  0Bh
 0A97  FF			                db 0FFh
 0A98  08			                db    8
 0A99  0E			                db  0Eh
 0A9A  0B			                db  0Bh
 0A9B  FF			                db 0FFh
 0A9C  06			                db    6
 0A9D  0C			                db  0Ch
 0A9E  0B			                db  0Bh
 0A9F  FF			                db 0FFh
 0AA0  08			                db    8
 0AA1  15			                db  15h
 0AA2  0B			                db  0Bh
 0AA3  FF			                db 0FFh
 0AA4  06			                db    6
 0AA5  16			                db  16h
 0AA6  0B			                db  0Bh
 0AA7  FF			                db 0FFh
 0AA8  08			                db    8
 0AA9  0E			                db  0Eh
 0AAA  0B			                db  0Bh
 0AAB  FF			                db 0FFh
 0AAC  03			                db    3
 0AAD  F9			                db 0F9h
 0AAE  26			                db  26h ; &
 0AAF  15			                db  15h
 0AB0  0B			                db  0Bh
 0AB1  18			                db  18h
 0AB2  0B			                db  0Bh
 0AB3  1A			                db  1Ah
 0AB4  0B			                db  0Bh
 0AB5  F9			                db 0F9h
 0AB6  23			                db  23h ; #
 0AB7  FE			                db 0FEh
 0AB8  0C			                db  0Ch
 0AB9  0B			                db  0Bh
 0ABA  FF			                db 0FFh
 0ABB  08			                db    8
 0ABC  15			                db  15h
 0ABD  0B			                db  0Bh
 0ABE  FF			                db 0FFh
 0ABF  06			                db    6
 0AC0  16			                db  16h
 0AC1  0B			                db  0Bh
 0AC2  FF			                db 0FFh
 0AC3  08			                db    8
 0AC4  0E			                db  0Eh
 0AC5  0B			                db  0Bh
 0AC6  FF			                db 0FFh
 0AC7  06			                db    6
 0AC8  0C			                db  0Ch
 0AC9  0B			                db  0Bh
 0ACA  FF			                db 0FFh
 0ACB  08			                db    8
 0ACC  15			                db  15h
 0ACD  0B			                db  0Bh
 0ACE  FF			                db 0FFh
 0ACF  06			                db    6
 0AD0  16			                db  16h
 0AD1  0B			                db  0Bh
 0AD2  FF			                db 0FFh
 0AD3  08			                db    8
 0AD4  16			                db  16h
 0AD5  0B			                db  0Bh
 0AD6  FF			                db 0FFh
 0AD7  07			                db    7
 0AD8  18			                db  18h
 0AD9  0B			                db  0Bh
 0ADA  FF			                db 0FFh
 0ADB  03			                db    3
 0ADC  F9			                db 0F9h
 0ADD  28			                db  28h ; (
 0ADE  00			                db    0
 0ADF  0B			                db  0Bh
 0AE0  15			                db  15h
 0AE1  0B			                db  0Bh
 0AE2  18			                db  18h
 0AE3  0B			                db  0Bh
 0AE4  1A			                db  1Ah
 0AE5  0B			                db  0Bh
 0AE6  F9			                db 0F9h
 0AE7  25			                db  25h ; %
 0AE8  FE			                db 0FEh
 0AE9  16			                db  16h
 0AEA  0B			                db  0Bh
 0AEB  FF			                db 0FFh
 0AEC  07			                db    7
 0AED  18			                db  18h
 0AEE  0B			                db  0Bh
 0AEF  FF			                db 0FFh
 0AF0  03			                db    3
 0AF1  00			                db    0
 0AF2  0B			                db  0Bh
 0AF3  00			                db    0
 0AF4  00			                db    0
 0AF5  00			                db    0
 0AF6 FC			unk_12526       db 0FCh                 ; DATA XREF: sub_12BEC+7↓o
 0AF7  0E			                db  0Eh
 0AF8  F9			                db 0F9h
 0AF9  26			                db  26h ; &
 0AFA  FB			                db 0FBh
 0AFB  05			                db    5
 0AFC  45			                db  45h ; E
 0AFD  0B			                db  0Bh
 0AFE  48			                db  48h ; H
 0AFF  0B			                db  0Bh
 0B00  4A			                db  4Ah ; J
 0B01  2C			                db  2Ch ; ,
 0B02  00			                db    0
 0B03  00			                db    0
 0B04 FC			unk_12534       db 0FCh                 ; DATA XREF: sub_12BEC+12↓o
 0B05  0E			                db  0Eh
 0B06  F9			                db 0F9h
 0B07  26			                db  26h ; &
 0B08  FB			                db 0FBh
 0B09  05			                db    5
 0B0A  2D			                db  2Dh ; -
 0B0B  0B			                db  0Bh
 0B0C  30			                db  30h ; 0
 0B0D  0B			                db  0Bh
 0B0E  32			                db  32h ; 2
 0B0F  2C			                db  2Ch ; ,
 0B10  00			                db    0
 0B11  00			                db    0
 0B12 FC			unk_12542       db 0FCh                 ; DATA XREF: sub_12BEC+1D↓o
 0B13  0E			                db  0Eh
 0B14  F9			                db 0F9h
 0B15  27			                db  27h ; '
 0B16  FB			                db 0FBh
 0B17  06			                db    6
 0B18  39			                db  39h ; 9
 0B19  0B			                db  0Bh
 0B1A  3C			                db  3Ch ; <
 0B1B  0B			                db  0Bh
 0B1C  3E			                db  3Eh ; >
 0B1D  2C			                db  2Ch ; ,
 0B1E  00			                db    0
 0B1F  00			                db    0
 0B20 FC			unk_12550       db 0FCh                 ; DATA XREF: sub_12BEC+28↓o
 0B21  10			                db  10h
 0B22  F9			                db 0F9h
 0B23  27			                db  27h ; '
 0B24  FB			                db 0FBh
 0B25  06			                db    6
 0B26  21			                db  21h ; !
 0B27  0B			                db  0Bh
 0B28  24			                db  24h ; $
 0B29  0B			                db  0Bh
 0B2A  26			                db  26h ; &
 0B2B  2C			                db  2Ch ; ,
 0B2C  00			                db    0
 0B2D  00			                db    0
 0B2E FC			unk_1255E       db 0FCh                 ; DATA XREF: sub_12BEC+33↓o
 0B2F  10			                db  10h
 0B30  F9			                db 0F9h
 0B31  26			                db  26h ; &
 0B32  FB			                db 0FBh
 0B33  05			                db    5
 0B34  21			                db  21h ; !
 0B35  0B			                db  0Bh
 0B36  24			                db  24h ; $
 0B37  0B			                db  0Bh
 0B38  26			                db  26h ; &
 0B39  2C			                db  2Ch ; ,
 0B3A  00			                db    0
 0B3B  00			                db    0
 0B3C FC			unk_1256C       db 0FCh                 ; DATA XREF: sub_12BEC+3E↓o
 0B3D  10			                db  10h
 0B3E  F9			                db 0F9h
 0B3F  29			                db  29h ; )
 0B40  FB			                db 0FBh
 0B41  06			                db    6
 0B42  15			                db  15h
 0B43  0B			                db  0Bh
 0B44  18			                db  18h
 0B45  0B			                db  0Bh
 0B46  1A			                db  1Ah
 0B47  2C			                db  2Ch ; ,
 0B48  00			                db    0
 0B49  00			                db    0
 0B4A  43			                db  43h ; C
 0B4B  6F			                db  6Fh ; o
 0B4C  70			                db  70h ; p
 0B4D  79			                db  79h ; y
 0B4E  72			                db  72h ; r
 0B4F  69			                db  69h ; i
 0B50  67			                db  67h ; g
 0B51  68			                db  68h ; h
 0B52  74			                db  74h ; t
 0B53  20			                db  20h
 0B54  28			                db  28h ; (
 0B55  43			                db  43h ; C
 0B56  29			                db  29h ; )
 0B57  20			                db  20h
 0B58  31			                db  31h ; 1
 0B59  39			                db  39h ; 9
 0B5A  38			                db  38h ; 8
 0B5B  39			                db  39h ; 9
 0B5C  20			                db  20h
 0B5D  62			                db  62h ; b
 0B5E  79			                db  79h ; y
 0B5F  20			                db  20h
 0B60  4D			                db  4Dh ; M
 0B61  69			                db  69h ; i
 0B62  63			                db  63h ; c
 0B63  72			                db  72h ; r
 0B64  6F			                db  6Fh ; o
 0B65  50			                db  50h ; P
 0B66  72			                db  72h ; r
 0B67  6F			                db  6Fh ; o
 0B68  73			                db  73h ; s
 0B69  65			                db  65h ; e
 0B6A  20			                db  20h
 0B6B  53			                db  53h ; S
 0B6C  6F			                db  6Fh ; o
 0B6D  66			                db  66h ; f
 0B6E  74			                db  74h ; t
 0B6F  77			                db  77h ; w
 0B70  61			                db  61h ; a
 0B71  72			                db  72h ; r
 0B72  65			                db  65h ; e
 0B73  2C			                db  2Ch ; ,
 0B74  20			                db  20h
 0B75  41			                db  41h ; A
 0B76  6C			                db  6Ch ; l
 0B77  6C			                db  6Ch ; l
 0B78  20			                db  20h
 0B79  52			                db  52h ; R
 0B7A  69			                db  69h ; i
 0B7B  67			                db  67h ; g
 0B7C  68			                db  68h ; h
 0B7D  74			                db  74h ; t
 0B7E  73			                db  73h ; s
 0B7F  20			                db  20h
 0B80  52			                db  52h ; R
 0B81  65			                db  65h ; e
 0B82  73			                db  73h ; s
 0B83  65			                db  65h ; e
 0B84  72			                db  72h ; r
 0B85  76			                db  76h ; v
 0B86  65			                db  65h ; e
 0B87  64			                db  64h ; d
 0B88  2E			                db  2Eh ; .
 0B89  00			                db    0
 0B8A  00			                db    0
 0B8B  00			                db    0
 0B8C  00			                db    0
 0B8D  00			                db    0
 0B8E  00			                db    0
 0B8F  00			                db    0
 0B90  00			                db    0
 0B91  00			                db    0
 0B92 0000			word_125C2      dw 0                    ; DATA XREF: sub_12A70+48↓r
				                                        ; sub_12A70+4F↓w ...
 0B94 0000			word_125C4      dw 0                    ; DATA XREF: sub_12A70+69↓r
				                                        ; sub_12A70+70↓w ...
 0B96 0000			word_125C6      dw 0                    ; DATA XREF: sub_12A70+4B↓r
				                                        ; sub_13398+8B↓w
 0B98 0000			word_125C8      dw 0                    ; DATA XREF: sub_12A70+6C↓r
				                                        ; sub_13398+F1↓w
 0B9A FF			byte_125CA      db 0FFh                 ; DATA XREF: sub_12B70↓r
				                                        ; sub_12B70+5↓w ...
 0B9B  00			                db    0
 0B9C 00			byte_125CC      db 0                    ; DATA XREF: sub_12BA8+3↓o
				                                        ; sub_12BEC+3↓o ...
 0B9D  00			                db    0
 0B9E  00			                db    0
 0B9F  00			                db    0
 0BA0  0E			                db  0Eh
 0BA1  26			                db  26h ; &
 0BA2  05			                db    5
 0BA3  00			                db    0
 0BA4  03			                db    3
 0BA5  FF			                db 0FFh
 0BA6  F6			                db 0F6h
 0BA7  0A			                db  0Ah
 0BA8  0E			                db  0Eh
 0BA9  00			                db    0
 0BAA  00			                db    0
 0BAB  00			                db    0
 0BAC  00			                db    0
 0BAD  00			                db    0
 0BAE  00			                db    0
 0BAF  00			                db    0
 0BB0 00			byte_125E0      db 0                    ; DATA XREF: sub_12BA8+E↓o
				                                        ; sub_12BEC+E↓o ...
 0BB1  00			                db    0
 0BB2  00			                db    0
 0BB3  00			                db    0
 0BB4  0E			                db  0Eh
 0BB5  26			                db  26h ; &
 0BB6  05			                db    5
 0BB7  00			                db    0
 0BB8  03			                db    3
 0BB9  FF			                db 0FFh
 0BBA  04			                db    4
 0BBB  0B			                db  0Bh
 0BBC  0E			                db  0Eh
 0BBD  00			                db    0
 0BBE  00			                db    0
 0BBF  00			                db    0
 0BC0  00			                db    0
 0BC1  00			                db    0
 0BC2  00			                db    0
 0BC3  00			                db    0
 0BC4 00			byte_125F4      db 0                    ; DATA XREF: sub_12BA8+19↓o
				                                        ; sub_12BEC+19↓o ...
 0BC5  00			                db    0
 0BC6  00			                db    0
 0BC7  00			                db    0
 0BC8  0E			                db  0Eh
 0BC9  27			                db  27h ; '
 0BCA  06			                db    6
 0BCB  00			                db    0
 0BCC  03			                db    3
 0BCD  FF			                db 0FFh
 0BCE  12			                db  12h
 0BCF  0B			                db  0Bh
 0BD0  0E			                db  0Eh
 0BD1  00			                db    0
 0BD2  00			                db    0
 0BD3  00			                db    0
 0BD4  00			                db    0
 0BD5  00			                db    0
 0BD6  00			                db    0
 0BD7  00			                db    0
 0BD8 00			unk_12608       db    0                 ; DATA XREF: sub_12BA8+24↓o
				                                        ; sub_12BEC+24↓o ...
 0BD9  00			                db    0
 0BDA  00			                db    0
 0BDB  00			                db    0
 0BDC  10			                db  10h
 0BDD  27			                db  27h ; '
 0BDE  06			                db    6
 0BDF  00			                db    0
 0BE0  03			                db    3
 0BE1  FF			                db 0FFh
 0BE2  20			                db  20h
 0BE3  0B			                db  0Bh
 0BE4  0E			                db  0Eh
 0BE5  00			                db    0
 0BE6  00			                db    0
 0BE7  00			                db    0
 0BE8  00			                db    0
 0BE9  00			                db    0
 0BEA  00			                db    0
 0BEB  00			                db    0
 0BEC 00			byte_1261C      db 0                    ; DATA XREF: sub_12BA8+2F↓o
				                                        ; sub_12BEC+2F↓o ...
 0BED  00			                db    0
 0BEE  00			                db    0
 0BEF  00			                db    0
 0BF0  10			                db  10h
 0BF1  26			                db  26h ; &
 0BF2  05			                db    5
 0BF3  00			                db    0
 0BF4  03			                db    3
 0BF5  FF			                db 0FFh
 0BF6  2E			                db  2Eh ; .
 0BF7  0B			                db  0Bh
 0BF8  0E			                db  0Eh
 0BF9  00			                db    0
 0BFA  00			                db    0
 0BFB  00			                db    0
 0BFC  00			                db    0
 0BFD  00			                db    0
 0BFE  00			                db    0
 0BFF  00			                db    0
 0C00 00			unk_12630       db    0                 ; DATA XREF: sub_12BA8+3A↓o
				                                        ; sub_12BEC+3A↓o
 0C01  00			                db    0
 0C02  00			                db    0
 0C03  00			                db    0
 0C04  10			                db  10h
 0C05  29			                db  29h ; )
 0C06  06			                db    6
 0C07  00			                db    0
 0C08  03			                db    3
 0C09  FF			                db 0FFh
 0C0A  3C			                db  3Ch ; <
 0C0B  0B			                db  0Bh
 0C0C  0E			                db  0Eh
 0C0D  00			                db    0
 0C0E  00			                db    0
 0C0F  00			                db    0
 0C10  00			                db    0
 0C11  00			                db    0
 0C12  00			                db    0
 0C13  00			                db    0
 0C14  00			                db    0
 0C15  00			                db    0
 0C16  00			                db    0
 0C17  00			                db    0
 0C18  00			                db    0
 0C19  00			                db    0
 0C1A  00			                db    0
 0C1B  00			                db    0
 0C1C  00			                db    0
 0C1D  00			                db    0
 0C1E  00			                db    0
 0C1F  00			                db    0
 0C20  00			                db    0
 0C21  00			                db    0
 0C22  00			                db    0
 0C23  00			                db    0
 0C24  00			                db    0
 0C25  00			                db    0
 0C26  00			                db    0
 0C27  00			                db    0
 0C28 00			byte_12658      db 0                    ; DATA XREF: sub_12A70+3B↓r
				                                        ; sub_12A70+41↓r ...
 0C29 00			byte_12659      db 0                    ; DATA XREF: sub_12A70+38↓r
				                                        ; sub_12A70:loc_12AD2↓r ...
 0C2A 0000			word_1265A      dw 0                    ; DATA XREF: sub_12B08+1B↓r
				                                        ; sub_13398+5D↓w
 0C2C 0000			word_1265C      dw 0                    ; DATA XREF: sub_12B08+34↓r
				                                        ; sub_13398+C3↓w
 0C2E 06			byte_1265E      db 6                    ; DATA XREF: sub_1389E+33↓r
				                                        ; sub_1389E+11F↓r ...
 0C2F 00			byte_1265F      db 0                    ; DATA XREF: sub_12A70+58↓r
				                                        ; sub_12B08+23↓r ...
 0C30 00			byte_12660      db 0                    ; DATA XREF: sub_12A70+79↓r
				                                        ; sub_12B08+3C↓r ...
 0C31  00			                db    0
 0C32  00			                db    0
 0C33  20			                db  20h
 0C34  00			                db    0
 0C35  00			                db    0
 0C36  00			                db    0
 0C37  00			                db    0
 0C38  00			                db    0
 0C39  00			                db    0
 0C3A  40			                db  40h ; @
 0C3B  00			                db    0
 0C3C  00			                db    0
 0C3D  00			                db    0
 0C3E  00			                db    0
 0C3F  00			                db    0
 0C40  00			                db    0
 0C41  00			                db    0
 0C42  00			                db    0
 0C43  00			                db    0
 0C44  00			                db    0
 0C45  00			                db    0
 0C46  00			                db    0
 0C47  00			                db    0
 0C48  00			                db    0
 0C49  00			                db    0
 0C4A  00			                db    0
 0C4B  00			                db    0
 0C4C  00			                db    0
 0C4D  00			                db    0
 0C4E  00			                db    0
 0C4F  00			                db    0
 0C50  00			                db    0
 0C51  00			                db    0
 0C52  21			                db  21h ; !
 0C53  21			                db  21h ; !
 0C54  21			                db  21h ; !
 0C55  21			                db  21h ; !
 0C56  21			                db  21h ; !
 0C57  21			                db  21h ; !
 0C58  00			                db    0
 0C59  00			                db    0
 0C5A  22			                db  22h ; "
 0C5B  22			                db  22h ; "
 0C5C  22			                db  22h ; "
 0C5D  22			                db  22h ; "
 0C5E  22			                db  22h ; "
 0C5F  22			                db  22h ; "
 0C60  00			                db    0
 0C61  00			                db    0
 0C62  00			                db    0
 0C63  00			                db    0
 0C64  00			                db    0
 0C65  00			                db    0
 0C66  00			                db    0
 0C67  00			                db    0
 0C68  00			                db    0
 0C69  00			                db    0
 0C6A  00			                db    0
 0C6B  00			                db    0
 0C6C  00			                db    0
 0C6D  00			                db    0
 0C6E  00			                db    0
 0C6F  00			                db    0
 0C70  00			                db    0
 0C71  00			                db    0
 0C72  10			                db  10h
 0C73  10			                db  10h
 0C74  10			                db  10h
 0C75  19			                db  19h
 0C76  19			                db  19h
 0C77  18			                db  18h
 0C78  00			                db    0
 0C79  00			                db    0
 0C7A  17			                db  17h
 0C7B  17			                db  17h
 0C7C  17			                db  17h
 0C7D  18			                db  18h
 0C7E  19			                db  19h
 0C7F  16			                db  16h
 0C80  00			                db    0
 0C81  00			                db    0
 0C82  00			                db    0
 0C83  00			                db    0
 0C84  00			                db    0
 0C85  00			                db    0
 0C86  00			                db    0
 0C87  00			                db    0
 0C88  00			                db    0
 0C89  00			                db    0
 0C8A  00			                db    0
 0C8B  00			                db    0
 0C8C  00			                db    0
 0C8D  00			                db    0
 0C8E  00			                db    0
 0C8F  00			                db    0
 0C90  00			                db    0
 0C91  00			                db    0
 0C92  71			                db  71h ; q
 0C93  71			                db  71h ; q
 0C94  71			                db  71h ; q
 0C95  91			                db  91h
 0C96  91			                db  91h
 0C97  91			                db  91h
 0C98  00			                db    0
 0C99  00			                db    0
 0C9A  83			                db  83h
 0C9B  83			                db  83h
 0C9C  83			                db  83h
 0C9D  51			                db  51h ; Q
 0C9E  51			                db  51h ; Q
 0C9F  51			                db  51h ; Q
 0CA0  00			                db    0
 0CA1  00			                db    0
 0CA2  00			                db    0
 0CA3  00			                db    0
 0CA4  00			                db    0
 0CA5  00			                db    0
 0CA6  00			                db    0
 0CA7  00			                db    0
 0CA8  00			                db    0
 0CA9  00			                db    0
 0CAA  00			                db    0
 0CAB  00			                db    0
 0CAC  00			                db    0
 0CAD  00			                db    0
 0CAE  00			                db    0
 0CAF  00			                db    0
 0CB0  00			                db    0
 0CB1  00			                db    0
 0CB2  5B			                db  5Bh ; [
 0CB3  5B			                db  5Bh ; [
 0CB4  5B			                db  5Bh ; [
 0CB5  6A			                db  6Ah ; j
 0CB6  0F			                db  0Fh
 0CB7  0F			                db  0Fh
 0CB8  00			                db    0
 0CB9  00			                db    0
 0CBA  43			                db  43h ; C
 0CBB  43			                db  43h ; C
 0CBC  43			                db  43h ; C
 0CBD  35			                db  35h ; 5
 0CBE  35			                db  35h ; 5
 0CBF  35			                db  35h ; 5
 0CC0  00			                db    0
 0CC1  00			                db    0
 0CC2  00			                db    0
 0CC3  00			                db    0
 0CC4  00			                db    0
 0CC5  00			                db    0
 0CC6  00			                db    0
 0CC7  00			                db    0
 0CC8  00			                db    0
 0CC9  00			                db    0
 0CCA  00			                db    0
 0CCB  00			                db    0
 0CCC  00			                db    0
 0CCD  00			                db    0
 0CCE  00			                db    0
 0CCF  00			                db    0
 0CD0  00			                db    0
 0CD1  00			                db    0
 0CD2  3F			                db  3Fh ; ?
 0CD3  3F			                db  3Fh ; ?
 0CD4  3F			                db  3Fh ; ?
 0CD5  3F			                db  3Fh ; ?
 0CD6  3F			                db  3Fh ; ?
 0CD7  3F			                db  3Fh ; ?
 0CD8  00			                db    0
 0CD9  00			                db    0
 0CDA  00			                db    0
 0CDB  00			                db    0
 0CDC  00			                db    0
 0CDD  00			                db    0
 0CDE  00			                db    0
 0CDF  00			                db    0
 0CE0  00			                db    0
 0CE1  00			                db    0
 0CE2  1A			                db  1Ah
 0CE3  00			                db    0
 0CE4  00			                db    0
 0CE5  0E			                db  0Eh
 0CE6  0E			                db  0Eh
 0CE7  0A			                db  0Ah
 0CE8  00			                db    0
 0CE9  00			                db    0
 0CEA  00			                db    0
 0CEB  00			                db    0
 0CEC  00			                db    0
 0CED  00			                db    0
 0CEE  00			                db    0
 0CEF E0			byte_1271F      db 0E0h                 ; DATA XREF: sub_1331C:loc_13360↓r
				                                        ; sub_13398:loc_1350C↓r ...
 0CF0  00			                db    0
 0CF1  00			                db    0
 0CF2  04			                db    4
 0CF3  04			                db    4
 0CF4  04			                db    4
 0CF5  02			                db    2
 0CF6  02			                db    2
 0CF7  02			                db    2
 0CF8  00			                db    0
 0CF9  00			                db    0
 0CFA  00			                db    0
 0CFB  00			                db    0
 0CFC  00			                db    0
 0CFD  00			                db    0
 0CFE  00			                db    0
 0CFF  00			                db    0
 0D00  00			                db    0
 0D01  00			                db    0
 0D02  00			                db    0
 0D03  00			                db    0
 0D04  00			                db    0
 0D05  00			                db    0
 0D06  00			                db    0
 0D07  00			                db    0
 0D08  00			                db    0
 0D09  00			                db    0
 0D0A  00			                db    0
 0D0B  00			                db    0
 0D0C  00			                db    0
 0D0D  00			                db    0
 0D0E  00			                db    0
 0D0F  00			                db    0
 0D10  00			                db    0
 0D11  00			                db    0
 0D12  00			                db    0
 0D13  00			                db    0
 0D14  00			                db    0
 0D15  01			                db    1
 0D16  01			                db    1
 0D17  01			                db    1
 0D18  00			                db    0
 0D19  00			                db    0
 0D1A  00			                db    0
 0D1B  00			                db    0
 0D1C  00			                db    0
 0D1D  00			                db    0
 0D1E  00			                db    0
 0D1F  00			                db    0
 0D20  00			                db    0
 0D21  00			                db    0
 0D22  00			                db    0
 0D23  00			                db    0
 0D24  00			                db    0
 0D25  00			                db    0
 0D26  00			                db    0
 0D27  00			                db    0
 0D28  00			                db    0
 0D29  00			                db    0
 0D2A  00			                db    0
 0D2B  00			                db    0
 0D2C  00			                db    0
 0D2D  00			                db    0
 0D2E  00			                db    0
 0D2F  00			                db    0
 0D30  00			                db    0
 0D31  00			                db    0
 0D32  00			                db    0
 0D33  00			                db    0
 0D34  00			                db    0
 0D35  00			                db    0
 0D36  00			                db    0
 0D37  00			                db    0
 0D38  00			                db    0
 0D39  00			                db    0
 0D3A  00			                db    0
 0D3B  00			                db    0
 0D3C  00			                db    0
 0D3D  00			                db    0
 0D3E  00			                db    0
 0D3F  00			                db    0
 0D40  00			                db    0
 0D41  00			                db    0
 0D42  00			                db    0
 0D43  00			                db    0
 0D44  00			                db    0
 0D45  00			                db    0
 0D46  00			                db    0
 0D47  00			                db    0
 0D48  00			                db    0
 0D49  00			                db    0
 0D4A  00			                db    0
 0D4B  00			                db    0
 0D4C  00			                db    0
 0D4D  00			                db    0
 0D4E  00			                db    0
 0D4F  00			                db    0
 0D50  00			                db    0
 0D51  00			                db    0
 0D52  00			                db    0
 0D53  00			                db    0
 0D54  00			                db    0
 0D55  00			                db    0
 0D56  00			                db    0
 0D57  00			                db    0
 0D58  00			                db    0
 0D59  00			                db    0
 0D5A  00			                db    0
 0D5B  00			                db    0
 0D5C  00			                db    0
 0D5D  00			                db    0
 0D5E  00			                db    0
 0D5F  00			                db    0
 0D60  00			                db    0
 0D61  00			                db    0
 0D62  00			                db    0
 0D63  00			                db    0
 0D64  00			                db    0
 0D65  00			                db    0
 0D66  00			                db    0
 0D67  00			                db    0
 0D68  00			                db    0
 0D69  00			                db    0
 0D6A  00			                db    0
 0D6B  00			                db    0
 0D6C  00			                db    0
 0D6D  00			                db    0
 0D6E  00			                db    0
 0D6F  00			                db    0
 0D70  00			                db    0
 0D71  00			                db    0
 0D72  00			                db    0
 0D73  00			                db    0
 0D74  00			                db    0
 0D75  00			                db    0
 0D76  00			                db    0
 0D77  00			                db    0
 0D78  00			                db    0
 0D79  00			                db    0
 0D7A  00			                db    0
 0D7B  00			                db    0
 0D7C  00			                db    0
 0D7D  00			                db    0
 0D7E  00			                db    0
 0D7F  00			                db    0
 0D80  00			                db    0
 0D81  00			                db    0
 0D82  00			                db    0
 0D83  00			                db    0
 0D84  00			                db    0
 0D85  00			                db    0
 0D86  00			                db    0
 0D87  00			                db    0
 0D88  00			                db    0
 0D89  00			                db    0
 0D8A 0005			word_127BA      dw 5                    ; DATA XREF: sub_135F0+7↓r
				                                        ; sub_13788+16↓w
 0D8C 000D			word_127BC      dw 0Dh                  ; DATA XREF: sub_135AA+7↓r
				                                        ; sub_13638+7↓r ...
 0D8E 05AC			word_127BE      dw 5ACh                 ; DATA XREF: sub_135AA+10↓r
				                                        ; sub_135AA+22↓r ...
 0D90				seg11a3         ends
				
				; ===========================================================================
				
				; Segment type: Pure code
 0000				seg127c         segment para public 'CODE' use16
				                assume cs:seg127c
				                assume cs:seg127c, ds:seg11a3, ss:seg11a3
				; Missing labels from IDA listing, expressed as offsets in seg127c
 0000  00			                db    0
 0001  00			                db    0
 0002  00			                db    0
 0003  00			                db    0
 0004  00			                db    0
 0005  00			                db    0
 0006  00			                db    0
 0007  00			                db    0
 0008  00			                db 0
 0009 2CD8			seg_127C9       dw 2CD8h                ; DATA XREF: sub_12A70+F↓w
				                                        ; sub_12A70:loc_12A98↓r
 000B 82B4			word_127CB      dw 82B4h                ; DATA XREF: sub_12A70+14↓w
				                                        ; sub_12A70+2F↓r
 000D  3F			                db 3Fh
 000E  2D			                db 2Dh
 000F  26			                db  26h ; &
 0010  23			                db  23h ; #
 0011  20			                db 20h
 0012  1D			                db  1Dh
 0013  1B			                db 1Bh
 0014  19			                db  19h
 0015  18			                db 18h
 0016  16			                db  16h
 0017  15			                db  15h
 0018  14			                db  14h
 0019  13			                db 13h
 001A  12			                db  12h
 001B  11			                db 11h
 001C  10			                db  10h
 001D  10			                db 10h
 001E  0F			                db  0Fh
 001F  0E			                db 0Eh
 0020  0E			                db 0Eh
 0021  0D			                db 0Dh
 0022  0D			                db  0Dh
 0023  0C			                db  0Ch
 0024  0C			                db 0Ch
 0025  0B			                db  0Bh
 0026  0B			                db 0Bh
 0027  0A			                db  0Ah
 0028  0A			                db 0Ah
 0029  09			                db    9
 002A  09			                db 9
 002B  09			                db    9
 002C  08			                db 8
 002D  08			                db    8
 002E  07			                db 7
 002F  07			                db 7
 0030  07			                db 7
 0031  06			                db 6
 0032  06			                db 6
 0033  06			                db 6
 0034  06			                db 6
 0035  05			                db 5
 0036  05			                db    5
 0037  05			                db    5
 0038  04			                db 4
 0039  04			                db    4
 003A  04			                db 4
 003B  04			                db    4
 003C  03			                db 3
 003D  03			                db    3
 003E  03			                db 3
 003F  03			                db    3
 0040  02			                db 2
 0041  02			                db    2
 0042  02			                db 2
 0043  02			                db    2
 0044  02			                db 2
 0045  01			                db    1
 0046  01			                db 1
 0047  01			                db    1
 0048  01			                db 1
 0049  00			                db    0
 004A  0003 [			                db 3 dup(0)
        00
       ]
 004D 0062			word_1280D      dw 62h                  ; DATA XREF: sub_12881+4D↓w
				                                        ; sub_12A45+3↓r
 004F 000D			word_1280F      dw 0Dh                  ; DATA XREF: sub_12881+5A↓w
				                                        ; sub_12A45+10↓r
				
				; =============== S U B R O U T I N E =======================================
				
				
 0051				sub_12811       proc near               ; CODE XREF: sub_12C31↓p
 0051  FA			                cli
 0052  BA 03DA			                mov     dx, 3DAh
				
 0055				loc_12815:                              ; CODE XREF: sub_12811+7↓j
 0055  EC			                in      al, dx          ; Video status bits:
				                                        ; 0: retrace.  1=display is in vert or horiz retrace.
                                        ; 1: 1=light pen is triggered; 0=armed
				                                        ; 2: 1=light pen switch is open; 0=closed
				                                        ; 3: 1=vertical sync pulse is occurring.
 0056  A8 08			                test    al, 8
 0058  74 FB			                jz      short loc_12815
				
 005A				loc_1281A:                              ; CODE XREF: sub_12811+C↓j
 005A  EC			                in      al, dx          ; Video status bits:
				                                        ; 0: retrace.  1=display is in vert or horiz retrace.
				                                        ; 1: 1=light pen is triggered; 0=armed
				                                        ; 2: 1=light pen switch is open; 0=closed
				                                        ; 3: 1=vertical sync pulse is occurring.
 005B  A8 08			                test    al, 8
 005D  75 FB			                jnz     short loc_1281A
 005F  B3 01			                mov     bl, 1
 0061  33 C9			                xor     cx, cx
				
 0063				loc_12823:                              ; CODE XREF: sub_12811+1B↓j
				                                        ; sub_12811+20↓j
 0063  EC			                in      al, dx          ; Video status bits:
				                                        ; 0: retrace.  1=display is in vert or horiz retrace.
				                                        ; 1: 1=light pen is triggered; 0=armed
				                                        ; 2: 1=light pen switch is open; 0=closed
				                                        ; 3: 1=vertical sync pulse is occurring.
 0064  A8 08			                test    al, 8
 0066  75 0B			                jnz     short loc_12833
 0068  24 01			                and     al, 1
 006A  38 D8			                cmp     al, bl
 006C  74 F5			                jz      short loc_12823
 006E  80 F3 01			                xor     bl, 1
 0071  E2 F0			                loop    loc_12823
				
 0073				loc_12833:                              ; CODE XREF: sub_12811+15↑j
 0073  FB			                sti
 0074  F7 D9			                neg     cx
 0076  32 C0			                xor     al, al
 0078  81 F9 0258		                cmp     cx, 258h
 007C  72 02			                jb      short loc_12840
 007E  B0 FF			                mov     al, 0FFh
				
 0080				loc_12840:                              ; CODE XREF: sub_12811+2B↑j
 0080  A2 023A R		                mov     byte ptr unk_11C6A, al
 0083  C3			                retn
 0084				sub_12811       endp
				
				
				; =============== S U B R O U T I N E =======================================
				
				
 0084				sub_12844       proc near               ; CODE XREF: sub_128E5+C↓p
 0084  06			                push    es
 0085  57			                push    di
 0086  B8 0000			                mov     ax, 0
 0089  8E C0			                mov     es, ax
 008B  BF 0440			                mov     di, 440h
 008E  26: C6 05 01		                mov     byte ptr es:[di], 1
 0092  4F			                dec     di
				
 0093				loc_12853:                              ; CODE XREF: sub_12844+14↓j
 0093  26: 8A 05		                mov     al, es:[di]
 0096  24 0F			                and     al, 0Fh
 0098  75 F9			                jnz     short loc_12853
 009A  5F			                pop     di
 009B  07			                pop     es
 009C  C3			                retn
 009D				sub_12844       endp
				
				
				; =============== S U B R O U T I N E =======================================
				
				
 009D				sub_1285D       proc near               ; CODE XREF: sub_12881:loc_128A5↓p
 009D  51			                push    cx
 009E  FA			                cli
 009F  B0 80			                mov     al, 80h
 00A1  E6 43			                out     43h, al         ; Timer 8253-5 (AT: 8254.2).
 00A3  E4 42			                in      al, 42h         ; Timer 8253-5 (AT: 8254.2).
 00A5  8A D8			                mov     bl, al
 00A7  E4 42			                in      al, 42h         ; Timer 8253-5 (AT: 8254.2).
 00A9  8A F8			                mov     bh, al
 00AB  B9 0100			                mov     cx, 100h
				
 00AE				loc_1286E:                              ; CODE XREF: sub_1285D:loc_1286E↓j
 00AE  E2 FE			                loop    loc_1286E
 00B0  B0 80			                mov     al, 80h
 00B2  E6 43			                out     43h, al         ; Timer 8253-5 (AT: 8254.2).
 00B4  E4 42			                in      al, 42h         ; Timer 8253-5 (AT: 8254.2).
 00B6  8A D0			                mov     dl, al
 00B8  E4 42			                in      al, 42h         ; Timer 8253-5 (AT: 8254.2).
 00BA  8A F0			                mov     dh, al
 00BC  FB			                sti
 00BD  2B DA			                sub     bx, dx
 00BF  59			                pop     cx
 00C0  C3			                retn
 00C1				sub_1285D       endp
				
				
				; =============== S U B R O U T I N E =======================================
				
				
 00C1				sub_12881       proc near               ; CODE XREF: sub_128E5+F↓p
 00C1  E4 61			                in      al, 61h         ; PC/XT PPI port B bits:
				                                        ; 0: Tmr 2 gate ═╦═► OR 03H=spkr ON
				                                        ; 1: Tmr 2 data ═╝  AND 0fcH=spkr OFF
				                                        ; 3: 1=read high switches
				                                        ; 4: 0=enable RAM parity checking
				                                        ; 5: 0=enable I/O channel check
				                                        ; 6: 0=hold keyboard clock low
				                                        ; 7: 0=enable kbrd
 00C3  A2 0266 R		                mov     byte_11C96, al
 00C6  0C 01			                or      al, 1
 00C8  24 FD			                and     al, 0FDh
 00CA  E6 61			                out     61h, al         ; PC/XT PPI port B bits:
				                                        ; 0: Tmr 2 gate ═╦═► OR 03H=spkr ON
				                                        ; 1: Tmr 2 data ═╝  AND 0fcH=spkr OFF
				                                        ; 3: 1=read high switches
				                                        ; 4: 0=enable RAM parity checking
				                                        ; 5: 0=enable I/O channel check
				                                        ; 6: 0=hold keyboard clock low
				                                        ; 7: 0=enable kbrd
 00CC  B0 B6			                mov     al, 0B6h
 00CE  E6 43			                out     43h, al         ; Timer 8253-5 (AT: 8254.2).
 00D0  EB 00			                jmp     short $+2
				; ---------------------------------------------------------------------------
				
 00D2				loc_12892:                              ; CODE XREF: sub_12881+F↑j
 00D2  32 C0			                xor     al, al
 00D4  E6 42			                out     42h, al         ; Timer 8253-5 (AT: 8254.2).
 00D6  EB 00			                jmp     short $+2
				; ---------------------------------------------------------------------------
				
 00D8				loc_12898:                              ; CODE XREF: sub_12881+15↑j
 00D8  E6 42			                out     42h, al         ; Timer 8253-5 (AT: 8254.2).
 00DA  EB 00			                jmp     short $+2
				; ---------------------------------------------------------------------------
				
 00DC				loc_1289C:                              ; CODE XREF: sub_12881+19↑j
 00DC  C7 06 0263 R 0000	                mov     word_11C93, 0
 00E2  B9 0010			                mov     cx, 10h
				
 00E5				loc_128A5:                              ; CODE XREF: sub_12881+2B↓j
 00E5  E8 FFB5			                call    sub_1285D
 00E8  01 1E 0263 R		                add     word_11C93, bx
 00EC  E2 F7			                loop    loc_128A5
 00EE  8B 1E 0263 R		                mov     bx, word_11C93
 00F2  D1 EB			                shr     bx, 1
 00F4  D1 EB			                shr     bx, 1
 00F6  D1 EB			                shr     bx, 1
 00F8  D1 EB			                shr     bx, 1
 00FA  81 FB 0A28		                cmp     bx, 0A28h
 00FE  7E 03			                jle     short loc_128C3
 0100  BB 0A28			                mov     bx, 0A28h
				
 0103				loc_128C3:                              ; CODE XREF: sub_12881+3D↑j
 0103  BA 0000			                mov     dx, 0
 0106  B8 5140			                mov     ax, 5140h
 0109  F7 F3			                div     bx
 010B  40			                inc     ax
 010C  B4 00			                mov     ah, 0
 010E  2E: A3 004D R		                mov     cs:word_1280D, ax
 0112  D1 E8			                shr     ax, 1
 0114  D1 E8			                shr     ax, 1
 0116  D1 E8			                shr     ax, 1
 0118  40			                inc     ax
 0119  B4 00			                mov     ah, 0
 011B  2E: A3 004F R		                mov     cs:word_1280F, ax
 011F  A0 0266 R		                mov     al, byte_11C96
 0122  E6 61			                out     61h, al         ; PC/XT PPI port B bits:
				                                        ; 0: Tmr 2 gate ═╦═► OR 03H=spkr ON
				                                        ; 1: Tmr 2 data ═╝  AND 0fcH=spkr OFF
				                                        ; 3: 1=read high switches
				                                        ; 4: 0=enable RAM parity checking
				                                        ; 5: 0=enable I/O channel check
				                                        ; 6: 0=hold keyboard clock low
				                                        ; 7: 0=enable kbrd
 0124  C3			                retn
 0125				sub_12881       endp
				
				
				; =============== S U B R O U T I N E =======================================
				
				
 0125				sub_128E5       proc near               ; CODE XREF: seg127c:07AE↓p
 0125  B0 B6			                mov     al, 0B6h
 0127  E6 43			                out     43h, al         ; Timer 8253-5 (AT: 8254.2).
 0129  33 C0			                xor     ax, ax
 012B  E6 42			                out     42h, al         ; Timer 8253-5 (AT: 8254.2).
 012D  8A C4			                mov     al, ah
 012F  E6 42			                out     42h, al         ; Timer 8253-5 (AT: 8254.2).
 0131  E8 FF50			                call    sub_12844
 0134  E8 FF8A			                call    sub_12881
 0137  B3 94			                mov     bl, 94h
 0139  B0 A5			                mov     al, 0A5h
 013B  C7 06 0269 R 0000	                mov     word_11C99, 0
 0141  E8 0633			                call    sub_12F38
 0144  C7 06 0269 R 0000	                mov     word_11C99, 0
 014A  BA 0043			                mov     dx, 43h ; 'C'
 014D  B0 80			                mov     al, 80h
 014F  EE			                out     dx, al          ; Timer 8253-5 (AT: 8254.2).
 0150  EB 00			                jmp     short $+2
				; ---------------------------------------------------------------------------
				
 0152				loc_12912:                              ; CODE XREF: sub_128E5+2B↑j
 0152  E4 42			                in      al, 42h         ; Timer 8253-5 (AT: 8254.2).
 0154  8A E0			                mov     ah, al
 0156  EB 00			                jmp     short $+2
				; ---------------------------------------------------------------------------
				
 0158				loc_12918:                              ; CODE XREF: sub_128E5+31↑j
 0158  B0 80			                mov     al, 80h
 015A  EE			                out     dx, al          ; Timer 8253-5 (AT: 8254.2).
 015B  EB 00			                jmp     short $+2
				; ---------------------------------------------------------------------------
				
 015D				loc_1291D:                              ; CODE XREF: sub_128E5+36↑j
 015D  E4 42			                in      al, 42h         ; Timer 8253-5 (AT: 8254.2).
 015F  38 C4			                cmp     ah, al
 0161  75 0B			                jnz     short loc_1292E
 0163  B8 9090			                mov     ax, 9090h
 0166  2E: A3 0673 R		                mov     word ptr cs:loc_12E33, ax
 016A  2E: A3 0753 R		                mov     word ptr cs:loc_12F13, ax
				
 016E				loc_1292E:                              ; CODE XREF: sub_128E5+3C↑j
 016E  E8 0510			                call    sub_12E41
 0171  B0 04			                mov     al, 4
 0173  B3 60			                mov     bl, 60h ; '`'
 0175  E8 0103			                call    sub_12A3B
 0178  B3 80			                mov     bl, 80h
 017A  E8 00FE			                call    sub_12A3B
 017D  BA 0388			                mov     dx, 388h
 0180  EC			                in      al, dx
 0181  50			                push    ax
 0182  B0 02			                mov     al, 2
 0184  B3 FF			                mov     bl, 0FFh
 0186  E8 00F2			                call    sub_12A3B
 0189  B0 04			                mov     al, 4
 018B  B3 21			                mov     bl, 21h ; '!'
 018D  E8 00EB			                call    sub_12A3B
 0190  B9 00C8			                mov     cx, 0C8h
 0193  BA 0388			                mov     dx, 388h
				
 0196				loc_12956:                              ; CODE XREF: sub_128E5+72↓j
 0196  EC			                in      al, dx
 0197  E2 FD			                loop    loc_12956
 0199  50			                push    ax
 019A  B0 04			                mov     al, 4
 019C  B3 60			                mov     bl, 60h ; '`'
 019E  E8 00DA			                call    sub_12A3B
 01A1  B3 80			                mov     bl, 80h
 01A3  E8 00D5			                call    sub_12A3B
 01A6  58			                pop     ax
 01A7  5B			                pop     bx
 01A8  BA 0000			                mov     dx, 0
 01AB  24 E0			                and     al, 0E0h
 01AD  3C C0			                cmp     al, 0C0h
 01AF  75 0C			                jnz     short loc_1297D
 01B1  80 E3 E0			                and     bl, 0E0h
 01B4  80 FB 00			                cmp     bl, 0
 01B7  75 04			                jnz     short loc_1297D
 01B9  E8 0012			                call    sub_1298E
 01BC  C3			                retn
				; ---------------------------------------------------------------------------
				
 01BD				loc_1297D:                              ; CODE XREF: sub_128E5+8A↑j
				                                        ; sub_128E5+92↑j
 01BD  B8 0003			                mov     ax, 3
 01C0  CD 10			                int     10h             ; - VIDEO - SET VIDEO MODE
				                                        ; AL = mode
 01C2  BA 023C			                mov     dx, 23Ch
 01C5  B4 09			                mov     ah, 9
 01C7  CD 21			                int     21h             ; DOS - PRINT STRING
				                                        ; DS:DX -> string terminated by "$"
 01C9  B8 4C00			                mov     ax, 4C00h
 01CC  CD 21			                int     21h             ; DOS - 2+ - QUIT WITH EXIT CODE (EXIT)
 01CE				sub_128E5       endp                    ; AL = exit code
				
				
				; =============== S U B R O U T I N E =======================================
				
				
 01CE				sub_1298E       proc near               ; CODE XREF: sub_128E5+94↑p
				                                        ; sub_12C31+35↓p ...
 01CE  B8 0000			                mov     ax, 0
 01D1  A2 0B9A			                mov     ds:0B9Ah, al
 01D4  A2 0C28			                mov     ds:0C28h, al
 01D7  A2 0C29			                mov     ds:0C29h, al
 01DA  A3 0B96			                mov     ds:0B96h, ax
 01DD  A3 0B98			                mov     ds:0B98h, ax
 01E0  8D 1E 0B9C		                lea     bx, ds:0B9Ch
 01E4  88 07			                mov     [bx], al
 01E6  88 47 01			                mov     [bx+1], al
 01E9  88 47 02			                mov     [bx+2], al
 01EC  8D 1E 0BB0		                lea     bx, ds:0BB0h
 01F0  88 07			                mov     [bx], al
 01F2  88 47 01			                mov     [bx+1], al
 01F5  88 47 02			                mov     [bx+2], al
 01F8  8D 1E 0BC4		                lea     bx, ds:0BC4h
 01FC  88 07			                mov     [bx], al
 01FE  88 47 01			                mov     [bx+1], al
 0201  88 47 02			                mov     [bx+2], al
 0204  8D 1E 0BD8		                lea     bx, ds:0BD8h
 0208  88 07			                mov     [bx], al
 020A  88 47 01			                mov     [bx+1], al
 020D  88 47 02			                mov     [bx+2], al
 0210  8D 1E 0BEC		                lea     bx, ds:0BECh
 0214  88 07			                mov     [bx], al
 0216  88 47 01			                mov     [bx+1], al
 0219  88 47 02			                mov     [bx+2], al
 021C  8D 1E 0C00		                lea     bx, ds:0C00h
 0220  88 07			                mov     [bx], al
 0222  88 47 01			                mov     [bx+1], al
 0225  88 47 02			                mov     [bx+2], al
 0228  A3 027E			                mov     ds:27Eh, ax
 022B  A3 0280			                mov     ds:280h, ax
 022E  A2 0286			                mov     ds:286h, al
 0231  A2 0287			                mov     ds:287h, al
 0234  C6 06 0B9A FF		                mov     byte ptr ds:0B9Ah, 0FFh
 0239  B0 B1			                mov     al, 0B1h
 023B  B3 00			                mov     bl, 0
 023D  E8 003B			                call    sub_12A3B
 0240  B0 B2			                mov     al, 0B2h
 0242  B3 00			                mov     bl, 0
 0244  E8 0034			                call    sub_12A3B
 0247  B0 84			                mov     al, 84h
 0249  B3 0F			                mov     bl, 0Fh
 024B  E8 002D			                call    sub_12A3B
 024E  B0 85			                mov     al, 85h
 0250  B3 0F			                mov     bl, 0Fh
 0252  E8 0026			                call    sub_12A3B
 0255  C3			                retn
 0256				sub_1298E       endp
				
				
				; =============== S U B R O U T I N E =======================================
				
				
 0256				sub_12A16       proc near               ; CODE XREF: sub_12C31+3↓p
				                                        ; seg127c:07D5↓p
 0256  BB 0000			                mov     bx, 0
 0259  B8 00FF			                mov     ax, 0FFh
				
 025C				loc_12A1C:                              ; CODE XREF: sub_12A16+C↓j
 025C  50			                push    ax
 025D  E8 001B			                call    sub_12A3B
 0260  58			                pop     ax
 0261  48			                dec     ax
 0262  75 F8			                jnz     short loc_12A1C
 0264  B0 01			                mov     al, 1
 0266  B3 20			                mov     bl, 20h ; ' '
 0268  E8 0010			                call    sub_12A3B
 026B  B0 BD			                mov     al, 0BDh
 026D  E8 000B			                call    sub_12A3B
 0270  C3			                retn
 0271				sub_12A16       endp
				
				                assume es:seg11a3, ss:seg11a3
				
				; =============== S U B R O U T I N E =======================================
				
				; Attributes: bp-based frame
				
 0271				sub_12A31       proc near               ; CODE XREF: sub_1307E+62↓p
				                                        ; sub_130EA+3E↓p ...
				
 = 0004				arg_0           = word ptr  4
 = 0006				arg_2           = byte ptr  6
				
 0271  55			                push    bp
 0272  8B EC			                mov     bp, sp
 0274  8B 46 04			                mov     ax, [bp+arg_0]
 0277  8A 5E 06			                mov     bl, [bp+arg_2]
 027A  5D			                pop     bp
 027B				sub_12A31       endp
				
				
				; =============== S U B R O U T I N E =======================================
				
				
 027B				sub_12A3B       proc near               ; CODE XREF: sub_128E5+50↑p
				                                        ; sub_128E5+55↑p ...
 027B  57			                push    di
 027C  B4 00			                mov     ah, 0
 027E  8B F8			                mov     di, ax
 0280  88 9D 0C32		                mov     [di+0C32h], bl
 0284  5F			                pop     di
 0285				sub_12A3B       endp
				
				
				; =============== S U B R O U T I N E =======================================
				
				
 0285				sub_12A45       proc near               ; CODE XREF: sub_12F09+25↓p
 0285  BA 0388			                mov     dx, 388h
 0288  2E: 8B 0E 004D R		                mov     cx, cs:word_1280D
				
 028D				loc_12A4D:                              ; CODE XREF: sub_12A45:loc_12A4D↓j
 028D  E2 FE			                loop    loc_12A4D
 028F  EE			                out     dx, al
 0290  8A C3			                mov     al, bl
 0292  BA 0389			                mov     dx, 389h
 0295  2E: 8B 0E 004F R		                mov     cx, cs:word_1280F
				
 029A				loc_12A5A:                              ; CODE XREF: sub_12A45:loc_12A5A↓j
 029A  E2 FE			                loop    loc_12A5A
 029C  EE			                out     dx, al
 029D  C3			                retn
 029E				sub_12A45       endp
				
				
				; =============== S U B R O U T I N E =======================================
				
				
 029E				sub_12A5E       proc near               ; CODE XREF: sub_12B08+26↓p
				                                        ; sub_12B08+3F↓p
 029E  50			                push    ax
 029F  04 A0			                add     al, 0A0h
 02A1  E8 FFD7			                call    sub_12A3B
 02A4  58			                pop     ax
 02A5  04 B0			                add     al, 0B0h
 02A7  8A DF			                mov     bl, bh
 02A9  80 CB 20			                or      bl, 20h
 02AC  E8 FFCC			                call    sub_12A3B
 02AF  C3			                retn
 02B0				sub_12A5E       endp
				
				
				; =============== S U B R O U T I N E =======================================
				
				
 02B0				sub_12A70       proc near               ; CODE XREF: seg127c:loc_13002↓p
 02B0  83 3E 027C R 00		                cmp     word_11CAC, 0
 02B5  74 04			                jz      short loc_12A7B
 02B7  FF 0E 027C R		                dec     word_11CAC
				
 02BB				loc_12A7B:                              ; CODE XREF: sub_12A70+5↑j
 02BB  06			                push    es
 02BC  56			                push    si
 02BD  57			                push    di
 02BE  55			                push    bp
 02BF  2E: 8C 16 0009 R		                mov     cs:seg_127C9, ss
 02C4  2E: 89 26 000B R		                mov     cs:word_127CB, sp
 02C9  B8 ---- R		                mov     ax, seg seg11a3
 02CC  8E C0			                mov     es, ax
 02CE  8E D0			                mov     ss, ax
				                assume ss:seg11a3
 02D0  BC 0238			                mov     sp, 238h
 02D3  9A ---- 14A0 R		                call    far ptr sub_13C8C
				
 02D8				loc_12A98:                              ; DATA XREF: seg11a3:0234↑o
 02D8  2E: 8B 1E 0009 R		                mov     bx, cs:seg_127C9
 02DD  8E D3			                mov     ss, bx
 02DF  2E: 8B 26 000B R		                mov     sp, cs:word_127CB
 02E4  5D			                pop     bp
 02E5  5F			                pop     di
 02E6  5E			                pop     si
 02E7  07			                pop     es
				                assume es:nothing
 02E8  A0 0C29 R		                mov     al, byte_12659
 02EB  0A 06 0C28 R		                or      al, byte_12658
 02EF  74 43			                jz      short loc_12AF4
 02F1  80 3E 0C28 R 00		                cmp     byte_12658, 0
 02F6  74 1A			                jz      short loc_12AD2
 02F8  A1 0B92 R		                mov     ax, word_125C2
 02FB  03 06 0B96 R		                add     ax, word_125C6
 02FF  A3 0B92 R		                mov     word_125C2, ax
 0302  FE 0E 0C28 R		                dec     byte_12658
 0306  75 0A			                jnz     short loc_12AD2
 0308  A0 0C2F R		                mov     al, byte_1265F
 030B  04 B0			                add     al, 0B0h
 030D  B3 00			                mov     bl, 0
 030F  E8 FF69			                call    sub_12A3B
				
 0312				loc_12AD2:                              ; CODE XREF: sub_12A70+46↑j
				                                        ; sub_12A70+56↑j
 0312  80 3E 0C29 R 00		                cmp     byte_12659, 0
 0317  74 1A			                jz      short locret_12AF3
 0319  A1 0B94 R		                mov     ax, word_125C4
 031C  03 06 0B98 R		                add     ax, word_125C8
 0320  A3 0B94 R		                mov     word_125C4, ax
 0323  FE 0E 0C29 R		                dec     byte_12659
 0327  75 0A			                jnz     short locret_12AF3
				                assume es:nothing
 0329  A0 0C30 R		                mov     al, byte_12660
 032C  04 B0			                add     al, 0B0h
 032E  B3 00			                mov     bl, 0
 0330  E8 FF48			                call    sub_12A3B
				
 0333				locret_12AF3:                           ; CODE XREF: sub_12A70+67↑j
				                                        ; sub_12A70+77↑j
 0333  C3			                retn
				; ---------------------------------------------------------------------------
				
 0334				loc_12AF4:                              ; CODE XREF: sub_12A70+3F↑j
 0334  83 3E 025F R FF		                cmp     word_11C8F, 0FFFFh
 0339  74 0C			                jz      short locret_12B07
 033B  C7 06 025F R FFFF	                mov     word_11C8F, 0FFFFh
 0341  C7 06 025D R FFFF	                mov     word_11C8D, 0FFFFh
				
 0347				locret_12B07:                           ; CODE XREF: sub_12A70+89↑j
 0347  C3			                retn
 0348				sub_12A70       endp
				
				
				; =============== S U B R O U T I N E =======================================
				
				
 0348				sub_12B08       proc near               ; CODE XREF: seg127c:0856↓p
 0348  BB 9248			                mov     bx, 9248h
 034B  03 1E 0288 R		                add     bx, word_11CB8
 034F  D1 CB			                ror     bx, 1
 0351  D1 CB			                ror     bx, 1
 0353  D1 CB			                ror     bx, 1
 0355  89 1E 0288 R		                mov     word_11CB8, bx
 0359  80 3E 0C28 R 00		                cmp     byte_12658, 0
 035E  74 11			                jz      short loc_12B31
 0360  83 F3 FF			                xor     bx, 0FFFFh
 0363  23 1E 0C2A R		                and     bx, word_1265A
 0367  03 1E 0B92 R		                add     bx, word_125C2
 036B  A0 0C2F R		                mov     al, byte_1265F
 036E  E8 FF2D			                call    sub_12A5E
				
 0371				loc_12B31:                              ; CODE XREF: sub_12B08+16↑j
 0371  80 3E 0C29 R 00		                cmp     byte_12659, 0
 0376  74 12			                jz      short locret_12B4A
 0378  8B 1E 0288 R		                mov     bx, word_11CB8
 037C  23 1E 0C2C R		                and     bx, word_1265C
 0380  03 1E 0B94 R		                add     bx, word_125C4
 0384  A0 0C30 R		                mov     al, byte_12660
 0387  E8 FF14			                call    sub_12A5E
				
 038A				locret_12B4A:                           ; CODE XREF: sub_12B08+2E↑j
 038A  C3			                retn
 038B				sub_12B08       endp
				
				                assume es:seg11a3, ss:seg11a3
				
				; =============== S U B R O U T I N E =======================================
				
				
 038B				sub_12B4B       proc near               ; CODE XREF: sub_13398+8E↓p
				                                        ; sub_13398+F4↓p
 038B  83 3E 025F R 01		                cmp     word_11C8F, 1
 0390  74 0C			                jz      short locret_12B5E
 0392  C7 06 025F R 0001	                mov     word_11C8F, 1
 0398  C7 06 025D R 0001	                mov     word_11C8D, 1
				
 039E				locret_12B5E:                           ; CODE XREF: sub_12B4B+5↑j
 039E  C3			                retn
 039F				sub_12B4B       endp
				
				; ---------------------------------------------------------------------------
 039F  55			                push    bp
 03A0  8B EC			                mov     bp, sp
 03A2  8B 46 08			                mov     ax, [bp+8]
 03A5  8B 5E 06			                mov     bx, [bp+6]
 03A8  8B 4E 04			                mov     cx, [bp+4]
 03AB  5D			                pop     bp
 03AC  E8 0001			                call    sub_12B70
 03AF  C3			                retn
				
				; =============== S U B R O U T I N E =======================================
				
				
 03B0				sub_12B70       proc near               ; CODE XREF: seg127c:03AC↑p
				                                        ; sub_12BA8+B↓p ...
 03B0  8A 16 0B9A R		                mov     dl, byte_125CA
 03B4  52			                push    dx
 03B5  C6 06 0B9A R 00		                mov     byte_125CA, 0
 03BA  C6 47 01 00		                mov     byte ptr [bx+1], 0
 03BE  C6 47 09 FF		                mov     byte ptr [bx+9], 0FFh
 03C2  C6 47 02 00		                mov     byte ptr [bx+2], 0
 03C6  89 4F 0A			                mov     [bx+0Ah], cx
 03C9  C7 47 0C 0000		                mov     word ptr [bx+0Ch], 0
 03CE  C7 47 0E 0000		                mov     word ptr [bx+0Eh], 0
 03D3  C7 47 10 0000		                mov     word ptr [bx+10h], 0
 03D8  C6 47 06 00		                mov     byte ptr [bx+6], 0
 03DC  89 47 12			                mov     [bx+12h], ax
 03DF  C6 07 01			                mov     byte ptr [bx], 1
 03E2  5A			                pop     dx
 03E3  88 16 0B9A R		                mov     byte_125CA, dl
 03E7  C3			                retn
 03E8				sub_12B70       endp
				
				
				; =============== S U B R O U T I N E =======================================
				
				
 03E8				sub_12BA8       proc near               ; CODE XREF: sub_12C31+6↓p
 03E8  B8 0000			                mov     ax, 0
 03EB  8D 1E 0B9C R		                lea     bx, byte_125CC
 03EF  8D 0E 088C R		                lea     cx, unk_122BC
 03F3  E8 FFBA			                call    sub_12B70
 03F6  8D 1E 0BB0 R		                lea     bx, byte_125E0
 03FA  8D 0E 0906 R		                lea     cx, unk_12336
 03FE  E8 FFAF			                call    sub_12B70
 0401  8D 1E 0BC4 R		                lea     bx, byte_125F4
 0405  8D 0E 0980 R		                lea     cx, unk_123B0
 0409  E8 FFA4			                call    sub_12B70
 040C  8D 1E 0BD8 R		                lea     bx, unk_12608
 0410  8D 0E 09D0 R		                lea     cx, unk_12400
 0414  E8 FF99			                call    sub_12B70
 0417  8D 1E 0BEC R		                lea     bx, byte_1261C
 041B  8D 0E 0A10 R		                lea     cx, unk_12440
 041F  E8 FF8E			                call    sub_12B70
 0422  8D 1E 0C00 R		                lea     bx, unk_12630
 0426  8D 0E 0A64 R		                lea     cx, unk_12494
 042A  EB 84			                jmp     short sub_12B70
 042C				sub_12BA8       endp
				
				
				; =============== S U B R O U T I N E =======================================
				
				
 042C				sub_12BEC       proc near               ; CODE XREF: sub_12C31+23↓p
 042C  B8 0000			                mov     ax, 0
 042F  8D 1E 0B9C R		                lea     bx, byte_125CC
 0433  8D 0E 0AF6 R		                lea     cx, unk_12526
 0437  E8 FF76			                call    sub_12B70
 043A  8D 1E 0BB0 R		                lea     bx, byte_125E0
 043E  8D 0E 0B04 R		                lea     cx, unk_12534
 0442  E8 FF6B			                call    sub_12B70
 0445  8D 1E 0BC4 R		                lea     bx, byte_125F4
 0449  8D 0E 0B12 R		                lea     cx, unk_12542
 044D  E8 FF60			                call    sub_12B70
 0450  8D 1E 0BD8 R		                lea     bx, unk_12608
 0454  8D 0E 0B20 R		                lea     cx, unk_12550
 0458  E8 FF55			                call    sub_12B70
 045B  8D 1E 0BEC R		                lea     bx, byte_1261C
 045F  8D 0E 0B2E R		                lea     cx, unk_1255E
 0463  E8 FF4A			                call    sub_12B70
 0466  8D 1E 0C00 R		                lea     bx, unk_12630
 046A  8D 0E 0B3C R		                lea     cx, unk_1256C
 046E  E9 FF3F			                jmp     sub_12B70
 0471				sub_12BEC       endp
				
				
				; =============== S U B R O U T I N E =======================================
				
				
 0471				sub_12C31       proc near               ; CODE XREF: seg127c:0821↓p
 0471  E8 FBDD			                call    sub_12811
 0474  E8 FDDF			                call    sub_12A16
 0477  E8 FF6E			                call    sub_12BA8
				
 047A				loc_12C3A:                              ; CODE XREF: sub_12C31+1C↓j
 047A  A0 0B9C R		                mov     al, byte_125CC
 047D  0A 06 0BB0 R		                or      al, byte_125E0
 0481  0A 06 0BC4 R		                or      al, byte_125F4
 0485  3C 00			                cmp     al, 0
 0487  74 08			                jz      short loc_12C51
 0489  B4 01			                mov     ah, 1
 048B  CD 16			                int     16h             ; KEYBOARD - CHECK BUFFER, DO NOT CLEAR
				                                        ; Return: ZF clear if character in buffer
				                                        ; AH = scan code, AL = character
				                                        ; ZF set if no character in buffer
 048D  74 EB			                jz      short loc_12C3A
 048F  B0 FF			                mov     al, 0FFh
				
 0491				loc_12C51:                              ; CODE XREF: sub_12C31+16↑j
 0491  B4 00			                mov     ah, 0
 0493  50			                push    ax
 0494  E8 FF95			                call    sub_12BEC
				
 0497				loc_12C57:                              ; CODE XREF: sub_12C31+33↓j
 0497  A0 0B9C R		                mov     al, byte_125CC
 049A  0A 06 0BB0 R		                or      al, byte_125E0
 049E  0A 06 0BC4 R		                or      al, byte_125F4
 04A2  3C 00			                cmp     al, 0
 04A4  75 F1			                jnz     short loc_12C57
 04A6  E8 FD25			                call    sub_1298E
 04A9  58			                pop     ax
 04AA  C3			                retn
 04AB				sub_12C31       endp
				
				; ---------------------------------------------------------------------------
 04AB  07A8			                dw 1960
 04AD  07B0			                dw 1968
 04AF  07B8			                dw 1976
 04B1  07C0			                dw 1984
				
				; =============== S U B R O U T I N E =======================================
				
				
 04B3				sub_12C73       proc near               ; DATA XREF: seg127c:05E6↓o
 04B3  8B 1E 0288 R		                mov     bx, word_11CB8
 04B7  D1 EB			                shr     bx, 1
 04B9  D1 EB			                shr     bx, 1
 04BB  83 E3 06			                and     bx, 6
 04BE  2E: 8B 8F 04AB		                mov     cx, cs:[bx+4ABh]
 04C3  B8 0000			                mov     ax, 0
 04C6  8D 1E 0BC4 R		                lea     bx, byte_125F4
 04CA  E9 FEE3			                jmp     sub_12B70
 04CD				sub_12C73       endp
				
				; ---------------------------------------------------------------------------
 04CD  07C8			                dw 7C8h
 04CF  07D0			                dw 7D0h
 04D1  07D8			                dw 7D8h
 04D3  07E0			                dw 7E0h
 04D5 1E8B			word_12C95      dw 1E8Bh                ; DATA XREF: seg127c:05E4↓o
 04D7  0288			                dw 288h
 04D9  D1			                db 0D1h
 04DA  EB			                db 0EBh
 04DB  D1			                db 0D1h
 04DC  EB			                db 0EBh
 04DD  D1			                db 0D1h
 04DE  EB			                db 0EBh
 04DF  83			                db 83h
 04E0  E3			                db 0E3h
 04E1  06			                db 6
 04E2  2E			                db 2Eh
 04E3  8B			                db 8Bh
 04E4  8F			                db 8Fh
 04E5  CD			                db 0CDh
 04E6  04			                db 4
 04E7  B8			                db 0B8h
 04E8  00			                db 0
 04E9  00			                db 0
 04EA  8D			                db 8Dh
 04EB  1E			                db 1Eh
 04EC  B0			                db 0B0h
 04ED  0B			                db 0Bh
 04EE  E9			                db 0E9h
 04EF  BF			                db 0BFh
 04F0  FE			                db 0FEh
				
				; =============== S U B R O U T I N E =======================================
				
				
 04F1				sub_12CB1       proc near               ; DATA XREF: seg127c:05E8↓o
 04F1  B8 0000			                mov     ax, 0
 04F4  8D 1E 0B9C R		                lea     bx, byte_125CC
 04F8  8D 0E 07E8 R		                lea     cx, unk_12218
 04FC  E9 FEB1			                jmp     sub_12B70
 04FF				sub_12CB1       endp
				
				
				; =============== S U B R O U T I N E =======================================
				
				
 04FF				sub_12CBF       proc near               ; DATA XREF: seg127c:05F6↓o
 04FF  B8 0000			                mov     ax, 0
 0502  8D 1E 0B9C R		                lea     bx, byte_125CC
 0506  8D 0E 07F4 R		                lea     cx, unk_12224
 050A  E9 FEA3			                jmp     sub_12B70
 050D				sub_12CBF       endp
				
				; ---------------------------------------------------------------------------
				
 050D				loc_12CCD:                              ; DATA XREF: seg127c:05F0↓o
 050D  B8 0000			                mov     ax, 0
 0510  8D 1E 0BC4 R		                lea     bx, byte_125F4
 0514  8D 0E 084E R		                lea     cx, unk_1227E
 0518  E9 FE95			                jmp     sub_12B70
				; ---------------------------------------------------------------------------
				
 051B				loc_12CDB:                              ; DATA XREF: seg127c:05EE↓o
 051B  B8 0000			                mov     ax, 0
 051E  8D 1E 0BD8 R		                lea     bx, unk_12608
 0522  8D 0E 07FE R		                lea     cx, unk_1222E
 0526  E9 FE87			                jmp     sub_12B70
				; ---------------------------------------------------------------------------
				
 0529				loc_12CE9:                              ; DATA XREF: seg127c:05EC↓o
 0529  B8 0000			                mov     ax, 0
 052C  8D 1E 0BD8 R		                lea     bx, unk_12608
 0530  8D 0E 080C R		                lea     cx, unk_1223C
 0534  E9 FE79			                jmp     sub_12B70
				; ---------------------------------------------------------------------------
				
 0537				loc_12CF7:                              ; DATA XREF: seg127c:05EA↓o
 0537  B8 0000			                mov     ax, 0
 053A  8D 1E 0BD8 R		                lea     bx, unk_12608
 053E  8D 0E 0816 R		                lea     cx, unk_12246
 0542  E9 FE6B			                jmp     sub_12B70
				; ---------------------------------------------------------------------------
				
 0545				loc_12D05:                              ; DATA XREF: seg127c:0606↓o
 0545  B8 0000			                mov     ax, 0
 0548  8D 1E 0B9C R		                lea     bx, byte_125CC
 054C  8D 0E 07A6 R		                lea     cx, unk_121D6
 0550  E9 FE5D			                jmp     sub_12B70
				; ---------------------------------------------------------------------------
				
 0553				loc_12D13:                              ; DATA XREF: seg127c:0600↓o
 0553  B8 0000			                mov     ax, 0
 0556  8D 1E 0BD8 R		                lea     bx, unk_12608
 055A  8D 0E 0820 R		                lea     cx, unk_12250
 055E  E9 FE4F			                jmp     sub_12B70
				; ---------------------------------------------------------------------------
				
 0561				loc_12D21:                              ; DATA XREF: seg127c:05FC↓o
 0561  B8 0000			                mov     ax, 0
 0564  8D 1E 0B9C R		                lea     bx, byte_125CC
 0568  8D 0E 0828 R		                lea     cx, unk_12258
 056C  E9 FE41			                jmp     sub_12B70
				; ---------------------------------------------------------------------------
				
 056F				loc_12D2F:                              ; DATA XREF: seg127c:0602↓o
 056F  B8 0000			                mov     ax, 0
 0572  8D 1E 0B9C R		                lea     bx, byte_125CC
 0576  8D 0E 0838 R		                lea     cx, unk_12268
 057A  E9 FE33			                jmp     sub_12B70
				; ---------------------------------------------------------------------------
				
 057D				loc_12D3D:                              ; DATA XREF: seg127c:05FE↓o
 057D  B8 0000			                mov     ax, 0
 0580  8D 1E 0B9C R		                lea     bx, byte_125CC
 0584  8D 0E 0842 R		                lea     cx, unk_12272
 0588  E9 FE25			                jmp     sub_12B70
				; ---------------------------------------------------------------------------
				
 058B				loc_12D4B:                              ; DATA XREF: seg127c:05F8↓o
 058B  80 3E 0BEC R 00		                cmp     byte_1261C, 0
 0590  75 0E			                jnz     short locret_12D60
 0592  B8 0000			                mov     ax, 0
 0595  8D 1E 0BEC R		                lea     bx, byte_1261C
 0599  8D 0E 0844 R		                lea     cx, unk_12274
 059D  E8 FE10			                call    sub_12B70
				
 05A0				locret_12D60:                           ; CODE XREF: seg127c:0590↑j
 05A0  C3			                retn
				; ---------------------------------------------------------------------------
				
 05A1				loc_12D61:                              ; DATA XREF: seg127c:05FA↓o
 05A1  B8 0000			                mov     ax, 0
 05A4  8D 1E 0B9C R		                lea     bx, byte_125CC
 05A8  8D 0E 0830 R		                lea     cx, unk_12260
 05AC  E9 FE01			                jmp     sub_12B70
				
				; =============== S U B R O U T I N E =======================================
				
				
 05AF				sub_12D6F       proc near               ; DATA XREF: seg127c:05F2↓o
 05AF  B8 0000			                mov     ax, 0
 05B2  8D 1E 0BB0 R		                lea     bx, byte_125E0
 05B6  8D 0E 0858 R		                lea     cx, unk_12288
 05BA  E9 FDF3			                jmp     sub_12B70
 05BD				sub_12D6F       endp
				
				; ---------------------------------------------------------------------------
				
 05BD				loc_12D7D:                              ; DATA XREF: seg127c:05F4↓o
 05BD  B8 0000			                mov     ax, 0
 05C0  8D 1E 0BC4 R		                lea     bx, byte_125F4
 05C4  8D 0E 086A R		                lea     cx, unk_1229A
 05C8  E9 FDE5			                jmp     sub_12B70
				; ---------------------------------------------------------------------------
				
 05CB				loc_12D8B:                              ; DATA XREF: seg127c:0604↓o
 05CB  B8 0000			                mov     ax, 0
 05CE  8D 1E 0BB0 R		                lea     bx, byte_125E0
 05D2  8D 0E 087C R		                lea     cx, byte_122AC
 05D6  E8 FDD7			                call    sub_12B70
 05D9  8D 1E 0BD8 R		                lea     bx, unk_12608
 05DD  8D 0E 0884 R		                lea     cx, byte_122B4
 05E1  E9 FDCC			                jmp     sub_12B70
				; ---------------------------------------------------------------------------
 05E4  04D5 R			                dw offset word_12C95
 05E6  04B3 R			                dw offset sub_12C73
 05E8  04F1 R			                dw offset sub_12CB1
 05EA  0537 R			                dw offset loc_12CF7
 05EC  0529 R			                dw offset loc_12CE9
 05EE  051B R			                dw offset loc_12CDB
 05F0  050D R			                dw offset loc_12CCD
 05F2  05AF R			                dw offset sub_12D6F
 05F4  05BD R			                dw offset loc_12D7D
 05F6  04FF R			                dw offset sub_12CBF
 05F8  058B R			                dw offset loc_12D4B
 05FA  05A1 R			                dw offset loc_12D61
 05FC  0561 R			                dw offset loc_12D21
 05FE  057D R			                dw offset loc_12D3D
 0600  0553 R			                dw offset loc_12D13
 0602  056F R			                dw offset loc_12D2F
 0604  05CB R			                dw offset loc_12D8B
 0606  0545 R			                dw offset loc_12D05
 0608 060E R			off_12DC8       dw offset sub_12DCE     ; DATA XREF: seg127c:0806↓r
 060A  061F R			                dw offset loc_12DDF
 060C  0645 R			                dw offset loc_12E05
				
				; =============== S U B R O U T I N E =======================================
				
				
 060E				sub_12DCE       proc near               ; CODE XREF: seg127c:0806↓p
				                                        ; DATA XREF: seg127c:off_12DC8↑o
 060E  83 3E 027E R 00		                cmp     word_11CAE, 0
 0613  75 09			                jnz     short locret_12DDE
 0615  BB 0000			                mov     bx, 0
 0618  B9 31F3			                mov     cx, 31F3h
 061B  EB 2E			                jmp     short loc_12E0B
				; ---------------------------------------------------------------------------
 061D  90			                db 90h
				; ---------------------------------------------------------------------------
				
 061E				locret_12DDE:                           ; CODE XREF: sub_12DCE+5↑j
 061E  C3			                retn
				; ---------------------------------------------------------------------------
				
 061F				loc_12DDF:                              ; CODE XREF: seg127c:0806↓p
				                                        ; DATA XREF: seg127c:060A↑o
 061F  A1 0279 R		                mov     ax, word_11CA9
 0622  40			                inc     ax
 0623  3A 06 027B R		                cmp     al, byte_11CAB
 0627  76 02			                jbe     short loc_12DEB
 0629  33 C0			                xor     ax, ax
				
 062B				loc_12DEB:                              ; CODE XREF: sub_12DCE+19↑j
 062B  A3 0279 R		                mov     word_11CA9, ax
 062E  D1 E0			                shl     ax, 1
 0630  D1 E0			                shl     ax, 1
 0632  8D 1E 026D R		                lea     bx, unk_11C9D
 0636  03 D8			                add     bx, ax
 0638  8B 0F			                mov     cx, [bx]
 063A  83 C3 02			                add     bx, 2
 063D  8B 1F			                mov     bx, [bx]
 063F  B8 002D			                mov     ax, 2Dh ; '-'
 0642  EB 0A			                jmp     short loc_12E0E
				; ---------------------------------------------------------------------------
 0644  90			                db 90h
				; ---------------------------------------------------------------------------
				
 0645				loc_12E05:                              ; CODE XREF: seg127c:0806↓p
				                                        ; DATA XREF: seg127c:060C↑o
 0645  BB 31F4			                mov     bx, 31F4h
 0648  B9 4796			                mov     cx, 4796h
				
 064B				loc_12E0B:                              ; CODE XREF: sub_12DCE+D↑j
 064B  B8 0001			                mov     ax, 1
				
 064E				loc_12E0E:                              ; CODE XREF: sub_12DCE+34↑j
 064E  A3 027C R		                mov     word_11CAC, ax
				
 0651				loc_12E11:                              ; CODE XREF: sub_12DCE+48↓j
 0651  83 3E 027C R 00		                cmp     word_11CAC, 0
 0656  75 F9			                jnz     short loc_12E11
 0658  53			                push    bx
 0659  51			                push    cx
 065A  E8 0008			                call    sub_12E25
 065D  5F			                pop     di
 065E  5E			                pop     si
 065F  E8 00E7			                call    sub_12F09
 0662  EB 1D			                jmp     short sub_12E41
 0664				sub_12DCE       endp
				
				; ---------------------------------------------------------------------------
 0664  90			                db 90h
				
				; =============== S U B R O U T I N E =======================================
				
				
 0665				sub_12E25       proc near               ; CODE XREF: sub_12DCE+4C↑p
 0665  E8 003F			                call    sub_12E67
 0668  B3 94			                mov     bl, 94h
 066A  B0 A5			                mov     al, 0A5h
 066C  E8 0108			                call    sub_12F38
 066F  B4 FF			                mov     ah, 0FFh
				
 0671				loc_12E31:                              ; CODE XREF: sub_12E25+18↓j
 0671  B0 80			                mov     al, 80h
				
 0673				loc_12E33:                              ; DATA XREF: sub_128E5+41↑w
 0673  E6 43			                out     43h, al         ; Timer 8253-5 (AT: 8254.2).
 0675  EB 00			                jmp     short $+2
				; ---------------------------------------------------------------------------
				
 0677				loc_12E37:                              ; CODE XREF: sub_12E25+10↑j
 0677  E4 42			                in      al, 42h         ; Timer 8253-5 (AT: 8254.2).
 0679  38 C4			                cmp     ah, al
 067B  8A E0			                mov     ah, al
 067D  73 F2			                jnb     short loc_12E31
 067F  FA			                cli
 0680  C3			                retn
 0681				sub_12E25       endp
				
				                assume es:nothing
				
				; =============== S U B R O U T I N E =======================================
				
				
 0681				sub_12E41       proc near               ; CODE XREF: sub_128E5:loc_1292E↑p
				                                        ; sub_12DCE+54↑j
 0681  B0 B0			                mov     al, 0B0h
 0683  B3 00			                mov     bl, 0
 0685  E8 FBF3			                call    sub_12A3B
 0688  B0 B1			                mov     al, 0B1h
 068A  B3 00			                mov     bl, 0
 068C  E8 FBEC			                call    sub_12A3B
 068F  A0 0265 R		                mov     al, byte_11C95
 0692  E6 21			                out     21h, al         ; Interrupt controller, 8259A.
 0694  A0 0266 R		                mov     al, byte_11C96
 0697  E6 61			                out     61h, al         ; PC/XT PPI port B bits:
				                                        ; 0: Tmr 2 gate ═╦═► OR 03H=spkr ON
				                                        ; 1: Tmr 2 data ═╝  AND 0fcH=spkr OFF
				                                        ; 3: 1=read high switches
				                                        ; 4: 0=enable RAM parity checking
				                                        ; 5: 0=enable I/O channel check
				                                        ; 6: 0=hold keyboard clock low
				                                        ; 7: 0=enable kbrd
 0699  B0 B6			                mov     al, 0B6h
 069B  E6 43			                out     43h, al         ; Timer 8253-5 (AT: 8254.2).
 069D  33 C0			                xor     ax, ax
 069F  E6 42			                out     42h, al         ; Timer 8253-5 (AT: 8254.2).
 06A1  8A C4			                mov     al, ah
 06A3  E6 42			                out     42h, al         ; Timer 8253-5 (AT: 8254.2).
 06A5  FB			                sti
 06A6  C3			                retn
 06A7				sub_12E41       endp
				
				
				; =============== S U B R O U T I N E =======================================
				
				
 06A7				sub_12E67       proc near               ; CODE XREF: sub_12E25↑p
 06A7  B0 20			                mov     al, 20h ; ' '
 06A9  B3 23			                mov     bl, 23h ; '#'
 06AB  E8 FBCD			                call    sub_12A3B
 06AE  B0 23			                mov     al, 23h ; '#'
 06B0  B3 28			                mov     bl, 28h ; '('
 06B2  E8 FBC6			                call    sub_12A3B
 06B5  B0 40			                mov     al, 40h ; '@'
 06B7  B3 3F			                mov     bl, 3Fh ; '?'
 06B9  E8 FBBF			                call    sub_12A3B
 06BC  B0 43			                mov     al, 43h ; 'C'
 06BE  B3 3F			                mov     bl, 3Fh ; '?'
 06C0  E8 FBB8			                call    sub_12A3B
 06C3  B0 60			                mov     al, 60h ; '`'
 06C5  B3 AF			                mov     bl, 0AFh
 06C7  E8 FBB1			                call    sub_12A3B
 06CA  B0 63			                mov     al, 63h ; 'c'
 06CC  B3 AF			                mov     bl, 0AFh
 06CE  E8 FBAA			                call    sub_12A3B
 06D1  B0 80			                mov     al, 80h
 06D3  B3 0D			                mov     bl, 0Dh
 06D5  E8 FBA3			                call    sub_12A3B
 06D8  B0 83			                mov     al, 83h
 06DA  B3 0F			                mov     bl, 0Fh
 06DC  E8 FB9C			                call    sub_12A3B
 06DF  B0 C0			                mov     al, 0C0h
 06E1  B3 05			                mov     bl, 5
 06E3  E8 FB95			                call    sub_12A3B
 06E6  B0 E0			                mov     al, 0E0h
 06E8  B3 00			                mov     bl, 0
 06EA  E8 FB8E			                call    sub_12A3B
 06ED  B0 E3			                mov     al, 0E3h
 06EF  B3 02			                mov     bl, 2
 06F1  E8 FB87			                call    sub_12A3B
 06F4  B0 B0			                mov     al, 0B0h
 06F6  B3 01			                mov     bl, 1
 06F8  E8 FB80			                call    sub_12A3B
 06FB  B0 A0			                mov     al, 0A0h
 06FD  B3 8F			                mov     bl, 8Fh
 06FF  E8 FB79			                call    sub_12A3B
 0702  B0 B0			                mov     al, 0B0h
 0704  B3 2E			                mov     bl, 2Eh ; '.'
 0706  E8 FB72			                call    sub_12A3B
 0709  FA			                cli
 070A  B0 36			                mov     al, 36h ; '6'
 070C  E6 43			                out     43h, al         ; Timer 8253-5 (AT: 8254.2).
 070E  B8 4C90			                mov     ax, 4C90h
 0711  E6 40			                out     40h, al         ; Timer 8253-5 (AT: 8254.2).
 0713  8A C4			                mov     al, ah
 0715  E6 40			                out     40h, al         ; Timer 8253-5 (AT: 8254.2).
 0717  B0 00			                mov     al, 0
 0719  E6 43			                out     43h, al         ; Timer 8253-5 (AT: 8254.2).
 071B  E4 40			                in      al, 40h         ; Timer 8253-5 (AT: 8254.2).
 071D  8A D8			                mov     bl, al
 071F  E4 40			                in      al, 40h         ; Timer 8253-5 (AT: 8254.2).
 0721  8A F8			                mov     bh, al
				
 0723				loc_12EE3:                              ; CODE XREF: sub_12E67+90↓j
 0723  B0 00			                mov     al, 0
 0725  E6 43			                out     43h, al         ; Timer 8253-5 (AT: 8254.2).
 0727  E4 40			                in      al, 40h         ; Timer 8253-5 (AT: 8254.2).
 0729  8A C8			                mov     cl, al
 072B  E4 40			                in      al, 40h         ; Timer 8253-5 (AT: 8254.2).
 072D  8A E8			                mov     ch, al
 072F  F7 D9			                neg     cx
 0731  03 CB			                add     cx, bx
 0733  81 F9 0952		                cmp     cx, 952h
 0737  72 EA			                jb      short loc_12EE3
 0739  B0 B0			                mov     al, 0B0h
 073B  B3 20			                mov     bl, 20h ; ' '
 073D  E8 FB3B			                call    sub_12A3B
 0740  B0 A0			                mov     al, 0A0h
 0742  B3 00			                mov     bl, 0
 0744  E8 FB34			                call    sub_12A3B
 0747  FB			                sti
 0748  C3			                retn
 0749				sub_12E67       endp
				
				
				; =============== S U B R O U T I N E =======================================
				
				
 0749				sub_12F09       proc near               ; CODE XREF: sub_12DCE+51↑p
 0749  1E			                push    ds
 074A  A1 0267 R		                mov     ax, word_11C97
 074D  8E D8			                mov     ds, ax
				
 074F				loc_12F0F:                              ; CODE XREF: sub_12F09+2B↓j
 074F  B4 FF			                mov     ah, 0FFh
				
 0751				loc_12F11:                              ; CODE XREF: sub_12F09+14↓j
 0751  B0 80			                mov     al, 80h
				
 0753				loc_12F13:                              ; DATA XREF: sub_128E5+45↑w
 0753  E6 43			                out     43h, al         ; Timer 8253-5 (AT: 8254.2).
 0755  EB 00			                jmp     short $+2
				; ---------------------------------------------------------------------------
				
 0757				loc_12F17:                              ; CODE XREF: sub_12F09+C↑j
 0757  E4 42			                in      al, 42h         ; Timer 8253-5 (AT: 8254.2).
 0759  38 C4			                cmp     ah, al
 075B  8A E0			                mov     ah, al
 075D  73 F2			                jnb     short loc_12F11
 075F  32 FF			                xor     bh, bh
 0761  8A 1C			                mov     bl, [si]
 0763  D1 EB			                shr     bx, 1
 0765  D1 EB			                shr     bx, 1
 0767  2E: 8A 5F 0D		                mov     bl, cs:[bx+0Dh]
 076B  B0 43			                mov     al, 43h ; 'C'
 076D  E8 FB15			                call    sub_12A45
 0770  46			                inc     si
 0771  3B F7			                cmp     si, di
 0773  75 DA			                jnz     short loc_12F0F
 0775  1F			                pop     ds
 0776  C3			                retn
 0777				sub_12F09       endp
				
				                assume ds:seg11a3
				
				; =============== S U B R O U T I N E =======================================
				
				
 0777				sub_12F38       proc near               ; CODE XREF: sub_128E5+1C↑p
				                                        ; sub_12E25+7↑p
 0777  50			                push    ax
 0778  8A C3			                mov     al, bl
 077A  E6 43			                out     43h, al         ; Timer 8253-5 (AT: 8254.2).
 077C  58			                pop     ax
 077D  E6 42			                out     42h, al         ; Timer 8253-5 (AT: 8254.2).
 077F  E4 61			                in      al, 61h         ; PC/XT PPI port B bits:
				                                        ; 0: Tmr 2 gate ═╦═► OR 03H=spkr ON
				                                        ; 1: Tmr 2 data ═╝  AND 0fcH=spkr OFF
				                                        ; 3: 1=read high switches
				                                        ; 4: 0=enable RAM parity checking
				                                        ; 5: 0=enable I/O channel check
				                                        ; 6: 0=hold keyboard clock low
				                                        ; 7: 0=enable kbrd
 0781  A2 0266 R		                mov     byte_11C96, al
 0784  0C 01			                or      al, 1
 0786  24 FD			                and     al, 0FDh
 0788  E6 61			                out     61h, al         ; PC/XT PPI port B bits:
				                                        ; 0: Tmr 2 gate ═╦═► OR 03H=spkr ON
				                                        ; 1: Tmr 2 data ═╝  AND 0fcH=spkr OFF
				                                        ; 3: 1=read high switches
				                                        ; 4: 0=enable RAM parity checking
				                                        ; 5: 0=enable I/O channel check
				                                        ; 6: 0=hold keyboard clock low
				                                        ; 7: 0=enable kbrd
 078A  FA			                cli
 078B  E4 21			                in      al, 21h         ; Interrupt controller, 8259A.
 078D  A2 0265 R		                mov     byte_11C95, al
 0790  0C 01			                or      al, 1
 0792  E6 21			                out     21h, al         ; Interrupt controller, 8259A.
 0794  FB			                sti
 0795  C3			                retn
 0796				sub_12F38       endp
				
				; ---------------------------------------------------------------------------
 0796  55			                push    bp
 0797  8B EC			                mov     bp, sp
 0799  8B 5E 06			                mov     bx, [bp+6]
 079C  8B 4E 08			                mov     cx, [bp+8]
 079F  57			                push    di
 07A0  1E			                push    ds
 07A1  B8 ---- R		                mov     ax, seg seg11a3
 07A4  8E D8			                mov     ds, ax
				                assume ds:seg11a3
 07A6  89 1E 0267 R		                mov     word_11C97, bx
 07AA  E8 0007			                call    sub_12F75
 07AD  E8 F975			                call    sub_128E5
 07B0  1F			                pop     ds
 07B1  5F			                pop     di
 07B2  5D			                pop     bp
 07B3  CB			                retf
				                assume ds:seg11a3
				
				; =============== S U B R O U T I N E =======================================
				
				
 07B4				sub_12F75       proc near               ; CODE XREF: seg127c:07AB↑p
 07B4  B3 02			                mov     bl, 2
 07B6  81 F9 7D9D		                cmp     cx, 7D9Dh
 07BA  73 0A			                jnb     short loc_12F87
 07BC  FE CB			                dec     bl
 07BE  81 F9 6A1A		                cmp     cx, 6A1Ah
 07C2  73 02			                jnb     short loc_12F87
 07C4  FE CB			                dec     bl
				
 07C6				loc_12F87:                              ; CODE XREF: sub_12F75+6↑j
				                                        ; sub_12F75+E↑j
 07C6  88 1E 027B R		                mov     byte_11CAB, bl
 07CA  C3			                retn
 07CB				sub_12F75       endp
				
				; ---------------------------------------------------------------------------
 07CB  1E			                push    ds
 07CC  B8 ---- R		                mov     ax, seg seg11a3
 07CF  8E D8			                mov     ds, ax
                assume ds:seg11a3
 07D1  E8 F9FA			                call    sub_1298E
 07D4  E8 FA7F			                call    sub_12A16
 07D7  1F			                pop     ds
 07D8  CB			                retf
				; ---------------------------------------------------------------------------
 07D9  55			                push    bp
 07DA  8B EC			                mov     bp, sp
 07DC  8B 5E 06			                mov     bx, [bp+6]
 07DF  83 FB 22			                cmp     bx, 22h ; '"'
 07E2  77 0C			                ja      short loc_12FB1
 07E4  1E			                push    ds
 07E5  B8 ---- R		                mov     ax, seg seg11a3
 07E8  8E D8			                mov     ds, ax
				                assume ds:seg11a3
 07EA  2E: FF 97 05E4		                call    word ptr cs:[bx+5E4h]
 07EF  1F			                pop     ds
				
 07F0				loc_12FB1:                              ; CODE XREF: seg127c:07E3↑j
				                                        ; seg127c:07FC↓j
 07F0  5D			                pop     bp
 07F1  CB			                retf
				; ---------------------------------------------------------------------------
 07F2  55			                push    bp
 07F3  8B EC			                mov     bp, sp
 07F5  8B 5E 06			                mov     bx, [bp+6]
 07F8  83 FB 04			                cmp     bx, 4
 07FB  77 F3			                ja      short loc_12FB1
 07FD  1E			                push    ds
 07FE  B8 ---- R		                mov     ax, seg seg11a3
 0801  8E D8			                mov     ds, ax
				                assume ds:seg11a3
 0803  57			                push    di
 0804  56			                push    si
 0805  2E: FF 97 0608 R		                call    cs:off_12DC8[bx]
 080A  5E			                pop     si
 080B  5F			                pop     di
 080C  1F			                pop     ds
 080D  5D			                pop     bp
 080E  CB			                retf
				; ---------------------------------------------------------------------------
 080F  55			                push    bp
 0810  06			                push    es
 0811  56			                push    si
 0812  57			                push    di
 0813  1E			                push    ds
 0814  B8 ---- R		                mov     ax, seg seg11a3
 0817  8E D8			                mov     ds, ax
				                assume ds:seg11a3
 0819  80 3E 0B9A R 00		                cmp     byte_125CA, 0
 081E  74 03			                jz      short loc_12FE4
 0820  E8 FC4E			                call    sub_12C31
				
 0823				loc_12FE4:                              ; CODE XREF: seg127c:081F↑j
 0823  1F			                pop     ds
 0824  5F			                pop     di
 0825  5E			                pop     si
 0826  07			                pop     es
				                assume es:nothing
 0827  5D			                pop     bp
 0828  CB			                retf
				; ---------------------------------------------------------------------------
 0829  1E			                push    ds
 082A  B8 ---- R		                mov     ax, seg seg11a3
 082D  8E D8			                mov     ds, ax
				                assume ds:seg11a3
 082F  FE 0E 023B R		                dec     byte ptr unk_11C6B
 0833  75 0C			                jnz     short loc_13002
 0835  C6 06 023B R 07		                mov     byte ptr unk_11C6B, 7
 083A  80 3E 023A R 00		                cmp     byte ptr unk_11C6A, 0
 083F  75 03			                jnz     short loc_13005
				
 0841				loc_13002:                              ; CODE XREF: seg127c:0834↑j
 0841  E8 FA6C			                call    sub_12A70
				
 0844				loc_13005:                              ; CODE XREF: seg127c:0840↑j
 0844  A1 025D R		                mov     ax, word_11C8D
 0847  C7 06 025D R 0000	                mov     word_11C8D, 0
 084D  1F			                pop     ds
 084E  CB			                retf
				; ---------------------------------------------------------------------------
 084F  1E			                push    ds
 0850  B8 ---- R		                mov     ax, seg seg11a3
 0853  8E D8			                mov     ds, ax
				                assume ds:seg11a3
 0855  E8 FAF0			                call    sub_12B08
 0858  1F			                pop     ds
 0859  33 C0			                xor     ax, ax
 085B  CB			                retf
				; ---------------------------------------------------------------------------
 085C  55			                push    bp
 085D  8B EC			                mov     bp, sp
 085F  1E			                push    ds
 0860  B8 ---- R		                mov     ax, seg seg11a3
 0863  8E D8			                mov     ds, ax
				                assume ds:seg11a3
 0865  8B 46 06			                mov     ax, [bp+6]
 0868  3B 06 0284 R		                cmp     ax, word_11CB4
 086C  7C 03			                jl      short loc_13032
 086E  A1 0284 R		                mov     ax, word_11CB4
				
 0871				loc_13032:                              ; CODE XREF: seg127c:086D↑j
 0871  A3 027E R		                mov     word_11CAE, ax
 0874  1F			                pop     ds
 0875  5D			                pop     bp
 0876  CB			                retf
				; ---------------------------------------------------------------------------
 0877  1E			                push    ds
 0878  B8 ---- R		                mov     ax, seg seg11a3
 087B  8E D8			                mov     ds, ax
				                assume ds:seg11a3
 087D  C6 06 0286 R 01		                mov     byte_11CB6, 1
 0882  1F			                pop     ds
 0883  CB			                retf
				; ---------------------------------------------------------------------------
 0884  1E			                push    ds
 0885  B8 ---- R		                mov     ax, seg seg11a3
 0888  8E D8			                mov     ds, ax
				                assume ds:seg11a3
 088A  C6 06 0286 R 00		                mov     byte_11CB6, 0
 088F  1F			                pop     ds
 0890  CB			                retf
				                assume es:seg11a3, ss:seg11a3, ds:seg11a3
				
				; =============== S U B R O U T I N E =======================================
				
				; Attributes: bp-based frame
				
 0891				sub_13052       proc near               ; CODE XREF: sub_13132+A↓p
				                                        ; sub_131C2+E↓p ...
				
 = FFFFFFFE			var_2           = word ptr -2
 = 0004				arg_0           = word ptr  4
				
 0891  55			                push    bp
 0892  8B EC			                mov     bp, sp
 0894  83 EC 02			                sub     sp, 2
 0897  56			                push    si
 0898  57			                push    di
 0899  8B 46 04			                mov     ax, [bp+arg_0]
 089C  8A D8			                mov     bl, al
 089E  3C 06			                cmp     al, 6
 08A0  7E 0C			                jle     short loc_13070
 08A2  B3 07			                mov     bl, 7
 08A4  3C 07			                cmp     al, 7
 08A6  74 06			                jz      short loc_13070
 08A8  3C 0A			                cmp     al, 0Ah
 08AA  74 02			                jz      short loc_13070
 08AC  B3 08			                mov     bl, 8
				
 08AE				loc_13070:                              ; CODE XREF: sub_13052+10↑j
				                                        ; sub_13052+16↑j ...
 08AE  B7 00			                mov     bh, 0
 08B0  89 5E FE			                mov     [bp+var_2], bx
 08B3  8B 46 FE			                mov     ax, [bp+var_2]
 08B6  5F			                pop     di
 08B7  5E			                pop     si
 08B8  8B E5			                mov     sp, bp
 08BA  5D			                pop     bp
 08BB  C3			                retn
 08BC				sub_13052       endp
				
				
				; =============== S U B R O U T I N E =======================================
				
				; Attributes: bp-based frame
				
 08BC				sub_1307E       proc near               ; CODE XREF: sub_13398+12F↓p
				                                        ; sub_1389E+186↓p ...
				
 = FFFFFFFC			var_4           = word ptr -4
 = FFFFFFFE			var_2           = word ptr -2
 = 0004				arg_0           = word ptr  4
 = 0006				arg_2           = word ptr  6
				
 08BC  55			                push    bp
 08BD  8B EC			                mov     bp, sp
 08BF  83 EC 04			                sub     sp, 4
 08C2  83 7E 04 06		                cmp     [bp+arg_0], 6
 08C6  77 1D			                ja      short loc_130A8
 08C8  8B 46 04			                mov     ax, [bp+arg_0]
 08CB  D1 E0			                shl     ax, 1
 08CD  BB 02AE			                mov     bx, 2AEh
 08D0  03 D8			                add     bx, ax
 08D2  8A 47 01			                mov     al, [bx+1]
 08D5  98			                cbw
 08D6  8B D8			                mov     bx, ax
 08D8  8A 87 02C4		                mov     al, [bx+2C4h]
 08DC  98			                cbw
 08DD  83 C0 40			                add     ax, 40h ; '@'
 08E0  89 46 FE			                mov     [bp+var_2], ax
 08E3  EB 17			                jmp     short loc_130BF
				; ---------------------------------------------------------------------------
				
 08E5				loc_130A8:                              ; CODE XREF: sub_1307E+B↑j
 08E5  8B 5E 04			                mov     bx, [bp+arg_0]
 08E8  D1 E3			                shl     bx, 1
 08EA  8A 87 02AE		                mov     al, [bx+2AEh]
 08EE  98			                cbw
 08EF  8B D8			                mov     bx, ax
 08F1  8A 87 02C4		                mov     al, [bx+2C4h]
 08F5  98			                cbw
 08F6  83 C0 40			                add     ax, 40h ; '@'
 08F9  89 46 FE			                mov     [bp+var_2], ax
				
 08FC				loc_130BF:                              ; CODE XREF: sub_1307E+28↑j
 08FC  8B 5E FE			                mov     bx, [bp+var_2]
 08FF  8A 87 0C32		                mov     al, [bx+0C32h]
 0903  25 00C0			                and     ax, 0C0h
 0906  89 46 FC			                mov     [bp+var_4], ax
 0909  8B 46 06			                mov     ax, [bp+arg_2]
 090C  83 E0 3F			                and     ax, 3Fh
 090F  B9 003F			                mov     cx, 3Fh ; '?'
 0912  2B C8			                sub     cx, ax
 0914  09 4E FC			                or      [bp+var_4], cx
 0917  FF 76 FC			                push    [bp+var_4]
 091A  FF 76 FE			                push    [bp+var_2]
 091D  E8 F951			                call    sub_12A31
 0920  83 C4 04			                add     sp, 4
 0923  8B E5			                mov     sp, bp
 0925  5D			                pop     bp
 0926  C3			                retn
 0927				sub_1307E       endp
				
				
				; =============== S U B R O U T I N E =======================================
				
				; Attributes: bp-based frame
				
 0927				sub_130EA       proc near               ; CODE XREF: sub_13B8C+51↓p
				
 = FFFFFFFC			var_4           = word ptr -4
 = FFFFFFFE			var_2           = word ptr -2
 = 0004				arg_0           = word ptr  4
 = 0006				arg_2           = word ptr  6
				
 0927  55			                push    bp
 0928  8B EC			                mov     bp, sp
 092A  83 EC 04			                sub     sp, 4
 092D  8B 5E 04			                mov     bx, [bp+arg_0]
 0930  D1 E3			                shl     bx, 1
 0932  8A 87 02AE		                mov     al, [bx+2AEh]
 0936  98			                cbw
 0937  8B D8			                mov     bx, ax
 0939  8A 87 02C4		                mov     al, [bx+2C4h]
 093D  98			                cbw
 093E  83 C0 40			                add     ax, 40h ; '@'
 0941  89 46 FE			                mov     [bp+var_2], ax
 0944  8B D8			                mov     bx, ax
 0946  8A 87 0C32		                mov     al, [bx+0C32h]
 094A  25 00C0			                and     ax, 0C0h
 094D  89 46 FC			                mov     [bp+var_4], ax
 0950  8B 46 06			                mov     ax, [bp+arg_2]
 0953  83 E0 3F			                and     ax, 3Fh
 0956  B9 003F			                mov     cx, 3Fh ; '?'
 0959  2B C8			                sub     cx, ax
 095B  09 4E FC			                or      [bp+var_4], cx
 095E  FF 76 FC			                push    [bp+var_4]
 0961  FF 76 FE			                push    [bp+var_2]
 0964  E8 F90A			                call    sub_12A31
 0967  83 C4 04			                add     sp, 4
 096A  8B E5			                mov     sp, bp
 096C  5D			                pop     bp
 096D  C3			                retn
 096E				sub_130EA       endp
				
				
				; =============== S U B R O U T I N E =======================================
				
				; Attributes: bp-based frame
				
 096E				sub_13132       proc near               ; CODE XREF: sub_13398+11B↓p
				
 = FFFFFFF4			var_C           = word ptr -0Ch
 = FFFFFFF6			var_A           = byte ptr -0Ah
 = FFFFFFF8			var_8           = byte ptr -8
 = FFFFFFFA			var_6           = byte ptr -6
 = FFFFFFFC			var_4           = word ptr -4
 = FFFFFFFE			var_2           = word ptr -2
 = 0004				arg_0           = word ptr  4
 = 0006				arg_2           = word ptr  6
				
 096E  55			                push    bp
 096F  8B EC			                mov     bp, sp
 0971  83 EC 0C			                sub     sp, 0Ch
 0974  FF 76 04			                push    [bp+arg_0]
 0977  E8 FF17			                call    sub_13052
 097A  83 C4 02			                add     sp, 2
 097D  05 00A0			                add     ax, 0A0h
 0980  89 46 FE			                mov     [bp+var_2], ax
 0983  B9 000C			                mov     cx, 0Ch
 0986  8B 46 06			                mov     ax, [bp+arg_2]
 0989  2B D2			                sub     dx, dx
 098B  F7 F1			                div     cx
 098D  88 56 F8			                mov     [bp+var_8], dl
 0990  B9 000C			                mov     cx, 0Ch
 0993  8B 46 06			                mov     ax, [bp+arg_2]
 0996  2B D2			                sub     dx, dx
 0998  F7 F1			                div     cx
 099A  88 46 F6			                mov     [bp+var_A], al
 099D  8A 46 F8			                mov     al, [bp+var_8]
 09A0  25 00FF			                and     ax, 0FFh
 09A3  8B D8			                mov     bx, ax
 09A5  D1 E3			                shl     bx, 1
 09A7  8B 87 0292		                mov     ax, [bx+292h]
 09AB  89 46 FC			                mov     [bp+var_4], ax
 09AE  25 00FF			                and     ax, 0FFh
 09B1  50			                push    ax
 09B2  FF 76 FE			                push    [bp+var_2]
 09B5  E8 F8B9			                call    sub_12A31
 09B8  83 C4 04			                add     sp, 4
 09BB  83 46 FE 10		                add     [bp+var_2], 10h
 09BF  8B 5E FE			                mov     bx, [bp+var_2]
 09C2  8A 87 0C32		                mov     al, [bx+0C32h]
 09C6  83 E0 20			                and     ax, 20h
 09C9  88 46 FA			                mov     [bp+var_6], al
 09CC  B9 0008			                mov     cx, 8
 09CF  8B 46 FC			                mov     ax, [bp+var_4]
 09D2  D3 E8			                shr     ax, cl
 09D4  89 46 F4			                mov     [bp+var_C], ax
 09D7  8A 46 F6			                mov     al, [bp+var_A]
 09DA  25 00FF			                and     ax, 0FFh
 09DD  D1 E0			                shl     ax, 1
 09DF  D1 E0			                shl     ax, 1
 09E1  8B 4E F4			                mov     cx, [bp+var_C]
 09E4  0B C8			                or      cx, ax
 09E6  08 4E FA			                or      [bp+var_6], cl
 09E9  8A 46 FA			                mov     al, [bp+var_6]
 09EC  25 00FF			                and     ax, 0FFh
 09EF  50			                push    ax
 09F0  FF 76 FE			                push    [bp+var_2]
 09F3  E8 F87B			                call    sub_12A31
 09F6  83 C4 04			                add     sp, 4
 09F9  8B E5			                mov     sp, bp
 09FB  5D			                pop     bp
 09FC  C3			                retn
 09FD				sub_13132       endp
				
				
				; =============== S U B R O U T I N E =======================================
				
				; Attributes: bp-based frame
				
 09FD				sub_131C2       proc near               ; CODE XREF: sub_13B8C+C1↓p
				
 = FFFFFFFC			var_4           = byte ptr -4
 = FFFFFFFE			var_2           = word ptr -2
 = 0004				arg_0           = byte ptr  4
 = 0006				arg_2           = word ptr  6
				
 09FD  55			                push    bp
 09FE  8B EC			                mov     bp, sp
 0A00  83 EC 04			                sub     sp, 4
 0A03  8A 46 04			                mov     al, [bp+arg_0]
 0A06  25 00FF			                and     ax, 0FFh
 0A09  50			                push    ax
 0A0A  E8 FE84			                call    sub_13052
 0A0D  83 C4 02			                add     sp, 2
 0A10  05 00A0			                add     ax, 0A0h
 0A13  89 46 FE			                mov     [bp+var_2], ax
 0A16  8B 46 06			                mov     ax, [bp+arg_2]
 0A19  25 00FF			                and     ax, 0FFh
 0A1C  50			                push    ax
 0A1D  FF 76 FE			                push    [bp+var_2]
 0A20  E8 F84E			                call    sub_12A31
 0A23  83 C4 04			                add     sp, 4
 0A26  83 46 FE 10		                add     [bp+var_2], 10h
 0A2A  8B 5E FE			                mov     bx, [bp+var_2]
 0A2D  8A 87 0C32		                mov     al, [bx+0C32h]
 0A31  83 E0 20			                and     ax, 20h
 0A34  88 46 FC			                mov     [bp+var_4], al
 0A37  B9 0008			                mov     cx, 8
 0A3A  8B 46 06			                mov     ax, [bp+arg_2]
 0A3D  D3 E8			                shr     ax, cl
 0A3F  08 46 FC			                or      [bp+var_4], al
 0A42  8A 46 FC			                mov     al, [bp+var_4]
 0A45  25 00FF			                and     ax, 0FFh
 0A48  50			                push    ax
 0A49  FF 76 FE			                push    [bp+var_2]
 0A4C  E8 F822			                call    sub_12A31
 0A4F  83 C4 04			                add     sp, 4
 0A52  8B E5			                mov     sp, bp
 0A54  5D			                pop     bp
 0A55  C3			                retn
 0A56				sub_131C2       endp
				
				
				; =============== S U B R O U T I N E =======================================
				
				; Attributes: bp-based frame
				
 0A56				sub_1321C       proc near               ; CODE XREF: sub_1389E+2A6↓p
				
 = FFFFFFF6			var_A           = word ptr -0Ah
 = FFFFFFF8			var_8           = byte ptr -8
 = FFFFFFFA			var_6           = word ptr -6
 = FFFFFFFC			var_4           = word ptr -4
 = FFFFFFFE			var_2           = word ptr -2
 = 0004				arg_0           = byte ptr  4
 = 0006				arg_2           = byte ptr  6
				
 0A56  55			                push    bp
 0A57  8B EC			                mov     bp, sp
 0A59  83 EC 0A			                sub     sp, 0Ah
 0A5C  8A 46 04			                mov     al, [bp+arg_0]
 0A5F  25 00FF			                and     ax, 0FFh
 0A62  50			                push    ax
 0A63  E8 FE2B			                call    sub_13052
 0A66  83 C4 02			                add     sp, 2
 0A69  05 00A0			                add     ax, 0A0h
 0A6C  89 46 FE			                mov     [bp+var_2], ax
 0A6F  83 C0 10			                add     ax, 10h
 0A72  89 46 FC			                mov     [bp+var_4], ax
 0A75  8B D8			                mov     bx, ax
 0A77  8A 87 0C32		                mov     al, [bx+0C32h]
 0A7B  83 E0 1F			                and     ax, 1Fh
 0A7E  B9 0008			                mov     cx, 8
 0A81  D3 E0			                shl     ax, cl
 0A83  89 46 FA			                mov     [bp+var_6], ax
 0A86  8B 5E FE			                mov     bx, [bp+var_2]
 0A89  8A 87 0C32		                mov     al, [bx+0C32h]
 0A8D  25 00FF			                and     ax, 0FFh
 0A90  89 46 F6			                mov     [bp+var_A], ax
 0A93  8A 46 06			                mov     al, [bp+arg_2]
 0A96  98			                cbw
 0A97  8B 4E F6			                mov     cx, [bp+var_A]
 0A9A  03 C8			                add     cx, ax
 0A9C  01 4E FA			                add     [bp+var_6], cx
 0A9F  8B 46 FA			                mov     ax, [bp+var_6]
 0AA2  25 00FF			                and     ax, 0FFh
 0AA5  50			                push    ax
 0AA6  FF 76 FE			                push    [bp+var_2]
 0AA9  E8 F7C5			                call    sub_12A31
 0AAC  83 C4 04			                add     sp, 4
 0AAF  8B 5E FC			                mov     bx, [bp+var_4]
 0AB2  8A 87 0C32		                mov     al, [bx+0C32h]
 0AB6  83 E0 20			                and     ax, 20h
 0AB9  88 46 F8			                mov     [bp+var_8], al
 0ABC  B9 0008			                mov     cx, 8
 0ABF  8B 46 FA			                mov     ax, [bp+var_6]
 0AC2  D3 E8			                shr     ax, cl
 0AC4  08 46 F8			                or      [bp+var_8], al
 0AC7  8A 46 F8			                mov     al, [bp+var_8]
 0ACA  25 00FF			                and     ax, 0FFh
 0ACD  50			                push    ax
 0ACE  FF 76 FC			                push    [bp+var_4]
 0AD1  E8 F79D			                call    sub_12A31
 0AD4  83 C4 04			                add     sp, 4
 0AD7  8B E5			                mov     sp, bp
 0AD9  5D			                pop     bp
 0ADA  C3			                retn
 0ADB				sub_1321C       endp
				
				
				; =============== S U B R O U T I N E =======================================
				
				; Attributes: bp-based frame
				
 0ADB				sub_132A2       proc near               ; CODE XREF: sub_1389E+2DE↓p
				
 = FFFFFFF8			var_8           = word ptr -8
 = FFFFFFFA			var_6           = word ptr -6
 = FFFFFFFC			var_4           = word ptr -4
 = FFFFFFFE			var_2           = word ptr -2
 = 0004				arg_0           = word ptr  4
 = 0006				arg_2           = byte ptr  6
				
 0ADB  55			                push    bp
 0ADC  8B EC			                mov     bp, sp
 0ADE  83 EC 08			                sub     sp, 8
 0AE1  83 7E 04 06		                cmp     [bp+arg_0], 6
 0AE5  77 1D			                ja      short loc_132CC
 0AE7  8B 46 04			                mov     ax, [bp+arg_0]
 0AEA  D1 E0			                shl     ax, 1
 0AEC  BB 02AE			                mov     bx, 2AEh
 0AEF  03 D8			                add     bx, ax
 0AF1  8A 47 01			                mov     al, [bx+1]
 0AF4  98			                cbw
 0AF5  8B D8			                mov     bx, ax
 0AF7  8A 87 02C4		                mov     al, [bx+2C4h]
 0AFB  98			                cbw
 0AFC  83 C0 40			                add     ax, 40h ; '@'
 0AFF  89 46 FE			                mov     [bp+var_2], ax
 0B02  EB 17			                jmp     short loc_132E3
				; ---------------------------------------------------------------------------
				
 0B04				loc_132CC:                              ; CODE XREF: sub_132A2+B↑j
 0B04  8B 5E 04			                mov     bx, [bp+arg_0]
 0B07  D1 E3			                shl     bx, 1
 0B09  8A 87 02AE		                mov     al, [bx+2AEh]
 0B0D  98			                cbw
 0B0E  8B D8			                mov     bx, ax
 0B10  8A 87 02C4		                mov     al, [bx+2C4h]
 0B14  98			                cbw
 0B15  83 C0 40			                add     ax, 40h ; '@'
 0B18  89 46 FE			                mov     [bp+var_2], ax
				
 0B1B				loc_132E3:                              ; CODE XREF: sub_132A2+28↑j
 0B1B  8B 5E FE			                mov     bx, [bp+var_2]
 0B1E  8A 87 0C32		                mov     al, [bx+0C32h]
 0B22  25 00FF			                and     ax, 0FFh
 0B25  89 46 FA			                mov     [bp+var_6], ax
 0B28  83 E0 3F			                and     ax, 3Fh
 0B2B  89 46 F8			                mov     [bp+var_8], ax
 0B2E  8A 46 06			                mov     al, [bp+arg_2]
 0B31  98			                cbw
 0B32  8B 4E F8			                mov     cx, [bp+var_8]
 0B35  2B C8			                sub     cx, ax
 0B37  89 4E FC			                mov     [bp+var_4], cx
 0B3A  8B 46 FA			                mov     ax, [bp+var_6]
 0B3D  83 E0 C0			                and     ax, 0FFC0h
 0B40  09 46 FC			                or      [bp+var_4], ax
 0B43  FF 76 FC			                push    [bp+var_4]
 0B46  FF 76 FE			                push    [bp+var_2]
 0B49  E8 F725			                call    sub_12A31
 0B4C  83 C4 04			                add     sp, 4
 0B4F  8B E5			                mov     sp, bp
 0B51  5D			                pop     bp
 0B52  C3			                retn
 0B53				sub_132A2       endp
				
				; ---------------------------------------------------------------------------
				                even
				
				; =============== S U B R O U T I N E =======================================
				
				; Attributes: bp-based frame
				
 0B54				sub_1331C       proc near               ; CODE XREF: sub_13398+107↓p
				                                        ; sub_1389E+3A↓p ...
				
 = FFFFFFFA			var_6           = word ptr -6
 = FFFFFFFC			var_4           = word ptr -4
 = FFFFFFFE			var_2           = byte ptr -2
 = 0004				arg_0           = byte ptr  4
				
 0B54  55			                push    bp
 0B55  8B EC			                mov     bp, sp
 0B57  83 EC 06			                sub     sp, 6
 0B5A  8A 46 04			                mov     al, [bp+arg_0]
 0B5D  25 00FF			                and     ax, 0FFh
 0B60  83 F8 06			                cmp     ax, 6
 0B63  7D 31			                jge     short loc_13360
 0B65  8A 46 04			                mov     al, [bp+arg_0]
 0B68  25 00FF			                and     ax, 0FFh
 0B6B  50			                push    ax
 0B6C  E8 FD22			                call    sub_13052
 0B6F  83 C4 02			                add     sp, 2
 0B72  05 00B0			                add     ax, 0B0h
 0B75  89 46 FC			                mov     [bp+var_4], ax
 0B78  8B D8			                mov     bx, ax
 0B7A  8A 87 0C32		                mov     al, [bx+0C32h]
 0B7E  25 00DF			                and     ax, 0DFh
 0B81  88 46 FE			                mov     [bp+var_2], al
 0B84  8A 46 FE			                mov     al, [bp+var_2]
 0B87  25 00FF			                and     ax, 0FFh
 0B8A  50			                push    ax
 0B8B  FF 76 FC			                push    [bp+var_4]
 0B8E  E8 F6E0			                call    sub_12A31
 0B91  83 C4 04			                add     sp, 4
 0B94  EB 34			                jmp     short loc_13394
				; ---------------------------------------------------------------------------
				                even
				
 0B96				loc_13360:                              ; CODE XREF: sub_1331C+10↑j
 0B96  A0 0CEF R		                mov     al, byte_1271F
 0B99  25 00FF			                and     ax, 0FFh
 0B9C  89 46 FA			                mov     [bp+var_6], ax
 0B9F  8A 46 04			                mov     al, [bp+arg_0]
 0BA2  25 00FF			                and     ax, 0FFh
 0BA5  8B D8			                mov     bx, ax
 0BA7  83 C3 FA			                add     bx, 0FFFAh
 0BAA  8A 87 028C		                mov     al, [bx+28Ch]
 0BAE  98			                cbw
 0BAF  F7 D0			                not     ax
 0BB1  8B 4E FA			                mov     cx, [bp+var_6]
 0BB4  23 C8			                and     cx, ax
 0BB6  88 4E FE			                mov     [bp+var_2], cl
 0BB9  8A 46 FE			                mov     al, [bp+var_2]
 0BBC  25 00FF			                and     ax, 0FFh
 0BBF  50			                push    ax
 0BC0  B8 00BD			                mov     ax, 0BDh
 0BC3  50			                push    ax
 0BC4  E8 F6AA			                call    sub_12A31
 0BC7  83 C4 04			                add     sp, 4
				
 0BCA				loc_13394:                              ; CODE XREF: sub_1331C+41↑j
 0BCA  8B E5			                mov     sp, bp
 0BCC  5D			                pop     bp
 0BCD  C3			                retn
 0BCE				sub_1331C       endp
				
				
				; =============== S U B R O U T I N E =======================================
				
				; Attributes: bp-based frame
				
 0BCE				sub_13398       proc near               ; CODE XREF: sub_1389E+267↓p
				                                        ; sub_13B8C+66↓p ...
				
 = FFFFFFFA			var_6           = word ptr -6
 = FFFFFFFC			var_4           = word ptr -4
 = FFFFFFFE			var_2           = byte ptr -2
 = 0004				arg_0           = byte ptr  4
 = 0006				arg_2           = byte ptr  6
 = 0008				arg_4           = byte ptr  8
 = 000A				arg_6           = byte ptr  0Ah
				
 0BCE  55			                push    bp
 0BCF  8B EC			                mov     bp, sp
 0BD1  83 EC 06			                sub     sp, 6
 0BD4  56			                push    si
 0BD5  57			                push    di
 0BD6  8A 46 04			                mov     al, [bp+arg_0]
 0BD9  25 00FF			                and     ax, 0FFh
 0BDC  8B D8			                mov     bx, ax
 0BDE  D1 E3			                shl     bx, 1
 0BE0  D1 E3			                shl     bx, 1
 0BE2  D1 E3			                shl     bx, 1
 0BE4  8A 87 0D32		                mov     al, [bx+0D32h]
 0BE8  25 00FF			                and     ax, 0FFh
 0BEB  75 03			                jnz     short loc_133BB
 0BED  E9 00D5			                jmp     loc_13492
				; ---------------------------------------------------------------------------
				
 0BF0				loc_133BB:                              ; CODE XREF: sub_13398+1E↑j
 0BF0  A0 0C28 R		                mov     al, byte_12658
 0BF3  25 00FF			                and     ax, 0FFh
 0BF6  74 02			                jz      short loc_133C6
 0BF8  EB 65			                jmp     loc_1342C
				; ---------------------------------------------------------------------------
				
 0BFA				loc_133C6:                              ; CODE XREF: sub_13398+29↑j
 0BFA  8A 46 04			                mov     al, [bp+arg_0]
 0BFD  A2 0C2F R		                mov     byte_1265F, al
 0C00  8A 46 04			                mov     al, [bp+arg_0]
 0C03  25 00FF			                and     ax, 0FFh
 0C06  8B D8			                mov     bx, ax
 0C08  D1 E3			                shl     bx, 1
 0C0A  D1 E3			                shl     bx, 1
 0C0C  D1 E3			                shl     bx, 1
 0C0E  8A 87 0D32		                mov     al, [bx+0D32h]
 0C12  A2 0C28 R		                mov     byte_12658, al
 0C15  8A 46 04			                mov     al, [bp+arg_0]
 0C18  25 00FF			                and     ax, 0FFh
 0C1B  D1 E0			                shl     ax, 1
 0C1D  D1 E0			                shl     ax, 1
 0C1F  D1 E0			                shl     ax, 1
 0C21  BB 0D32			                mov     bx, 0D32h
 0C24  03 D8			                add     bx, ax
 0C26  8B 47 02			                mov     ax, [bx+2]
 0C29  A3 0C2A R		                mov     word_1265A, ax
 0C2C  8A 46 04			                mov     al, [bp+arg_0]
 0C2F  25 00FF			                and     ax, 0FFh
 0C32  D1 E0			                shl     ax, 1
 0C34  D1 E0			                shl     ax, 1
 0C36  D1 E0			                shl     ax, 1
 0C38  BB 0D32			                mov     bx, 0D32h
 0C3B  03 D8			                add     bx, ax
 0C3D  8B 47 04			                mov     ax, [bx+4]
 0C40  A3 0B92 R		                mov     word_125C2, ax
 0C43  8A 46 04			                mov     al, [bp+arg_0]
 0C46  25 00FF			                and     ax, 0FFh
 0C49  D1 E0			                shl     ax, 1
 0C4B  D1 E0			                shl     ax, 1
 0C4D  D1 E0			                shl     ax, 1
 0C4F  BB 0D32			                mov     bx, 0D32h
 0C52  03 D8			                add     bx, ax
 0C54  8B 47 06			                mov     ax, [bx+6]
 0C57  A3 0B96 R		                mov     word_125C6, ax
 0C5A  E8 F72E			                call    sub_12B4B
 0C5D  EB 63			                jmp     loc_1348F
				; ---------------------------------------------------------------------------
				
 0C5F				loc_1342C:                              ; CODE XREF: sub_13398+2B↑j
 0C5F  8A 46 04			                mov     al, [bp+arg_0]
 0C62  A2 0C30 R		                mov     byte_12660, al
 0C65  8A 46 04			                mov     al, [bp+arg_0]
 0C68  25 00FF			                and     ax, 0FFh
 0C6B  8B D8			                mov     bx, ax
 0C6D  D1 E3			                shl     bx, 1
 0C6F  D1 E3			                shl     bx, 1
 0C71  D1 E3			                shl     bx, 1
 0C73  8A 87 0D32		                mov     al, [bx+0D32h]
 0C77  A2 0C29 R		                mov     byte_12659, al
 0C7A  8A 46 04			                mov     al, [bp+arg_0]
 0C7D  25 00FF			                and     ax, 0FFh
 0C80  D1 E0			                shl     ax, 1
 0C82  D1 E0			                shl     ax, 1
 0C84  D1 E0			                shl     ax, 1
 0C86  BB 0D32			                mov     bx, 0D32h
 0C89  03 D8			                add     bx, ax
 0C8B  8B 47 02			                mov     ax, [bx+2]
 0C8E  A3 0C2C R		                mov     word_1265C, ax
 0C91  8A 46 04			                mov     al, [bp+arg_0]
 0C94  25 00FF			                and     ax, 0FFh
 0C97  D1 E0			                shl     ax, 1
 0C99  D1 E0			                shl     ax, 1
 0C9B  D1 E0			                shl     ax, 1
 0C9D  BB 0D32			                mov     bx, 0D32h
 0CA0  03 D8			                add     bx, ax
 0CA2  8B 47 04			                mov     ax, [bx+4]
 0CA5  A3 0B94 R		                mov     word_125C4, ax
 0CA8  8A 46 04			                mov     al, [bp+arg_0]
 0CAB  25 00FF			                and     ax, 0FFh
 0CAE  D1 E0			                shl     ax, 1
 0CB0  D1 E0			                shl     ax, 1
 0CB2  D1 E0			                shl     ax, 1
 0CB4  BB 0D32			                mov     bx, 0D32h
 0CB7  03 D8			                add     bx, ax
 0CB9  8B 47 06			                mov     ax, [bx+6]
 0CBC  A3 0B98 R		                mov     word_125C8, ax
 0CBF  E8 F6C9			                call    sub_12B4B
				
 0CC2				loc_1348F:                              ; CODE XREF: sub_13398+91↑j
 0CC2  E9 00AC			                jmp     loc_1353E
				; ---------------------------------------------------------------------------
				
 0CC5				loc_13492:                              ; CODE XREF: sub_13398+20↑j
 0CC5  80 7E 0A 00		                cmp     [bp+arg_6], 0
 0CC9  75 0D			                jnz     short loc_134A5
 0CCB  8A 46 04			                mov     al, [bp+arg_0]
 0CCE  25 00FF			                and     ax, 0FFh
 0CD1  50			                push    ax
 0CD2  E8 FE7F			                call    sub_1331C
 0CD5  83 C4 02			                add     sp, 2
				
 0CD8				loc_134A5:                              ; CODE XREF: sub_13398+FE↑j
 0CD8  8A 46 06			                mov     al, [bp+arg_2]
 0CDB  25 00FF			                and     ax, 0FFh
 0CDE  50			                push    ax
 0CDF  8A 46 04			                mov     al, [bp+arg_0]
 0CE2  25 00FF			                and     ax, 0FFh
 0CE5  50			                push    ax
 0CE6  E8 FC85			                call    sub_13132
 0CE9  83 C4 04			                add     sp, 4
 0CEC  8A 46 08			                mov     al, [bp+arg_4]
 0CEF  25 00FF			                and     ax, 0FFh
 0CF2  50			                push    ax
 0CF3  8A 46 04			                mov     al, [bp+arg_0]
 0CF6  25 00FF			                and     ax, 0FFh
 0CF9  50			                push    ax
 0CFA  E8 FBBF			                call    sub_1307E
 0CFD  83 C4 04			                add     sp, 4
 0D00  8A 46 04			                mov     al, [bp+arg_0]
 0D03  25 00FF			                and     ax, 0FFh
 0D06  83 F8 06			                cmp     ax, 6
 0D09  7D 34			                jge     short loc_1350C
 0D0B  8A 46 04			                mov     al, [bp+arg_0]
 0D0E  25 00FF			                and     ax, 0FFh
 0D11  50			                push    ax
 0D12  E8 FB7C			                call    sub_13052
 0D15  83 C4 02			                add     sp, 2
 0D18  05 00B0			                add     ax, 0B0h
 0D1B  89 46 FC			                mov     [bp+var_4], ax
 0D1E  8B D8			                mov     bx, ax
 0D20  8A 87 0C32		                mov     al, [bx+0C32h]
 0D24  25 00FF			                and     ax, 0FFh
 0D27  83 C8 20			                or      ax, 20h
 0D2A  88 46 FE			                mov     [bp+var_2], al
 0D2D  8A 46 FE			                mov     al, [bp+var_2]
 0D30  25 00FF			                and     ax, 0FFh
 0D33  50			                push    ax
 0D34  FF 76 FC			                push    [bp+var_4]
 0D37  E8 F537			                call    sub_12A31
 0D3A  83 C4 04			                add     sp, 4
 0D3D  EB 32			                jmp     short loc_1353E
				; ---------------------------------------------------------------------------
				
 0D3F				loc_1350C:                              ; CODE XREF: sub_13398+13E↑j
 0D3F  A0 0CEF R		                mov     al, byte_1271F
 0D42  25 00FF			                and     ax, 0FFh
 0D45  89 46 FA			                mov     [bp+var_6], ax
 0D48  8A 46 04			                mov     al, [bp+arg_0]
 0D4B  25 00FF			                and     ax, 0FFh
 0D4E  8B D8			                mov     bx, ax
 0D50  83 C3 FA			                add     bx, 0FFFAh
 0D53  8A 87 028C		                mov     al, [bx+28Ch]
 0D57  98			                cbw
 0D58  8B 4E FA			                mov     cx, [bp+var_6]
 0D5B  0B C8			                or      cx, ax
 0D5D  88 4E FE			                mov     [bp+var_2], cl
 0D60  8A 46 FE			                mov     al, [bp+var_2]
 0D63  25 00FF			                and     ax, 0FFh
 0D66  50			                push    ax
 0D67  B8 00BD			                mov     ax, 0BDh
 0D6A  50			                push    ax
 0D6B  E8 F503			                call    sub_12A31
 0D6E  83 C4 04			                add     sp, 4
				
 0D71				loc_1353E:                              ; CODE XREF: sub_13398:loc_1348F↑j
				                                        ; sub_13398+172↑j
 0D71  5F			                pop     di
 0D72  5E			                pop     si
 0D73  8B E5			                mov     sp, bp
 0D75  5D			                pop     bp
 0D76  C3			                retn
 0D77				sub_13398       endp
				
				
				; =============== S U B R O U T I N E =======================================
				
				; Attributes: bp-based frame
				
 0D77				sub_13544       proc near               ; CODE XREF: sub_1376E↓p
				
 = FFFFFFFE			var_2           = byte ptr -2
				
 0D77  55			                push    bp
 0D78  8B EC			                mov     bp, sp
 0D7A  83 EC 02			                sub     sp, 2
 0D7D  A0 0CEF R		                mov     al, byte_1271F
 0D80  83 E0 3F			                and     ax, 3Fh
 0D83  88 46 FE			                mov     [bp+var_2], al
 0D86  A0 02AA R		                mov     al, byte_11CDA
 0D89  25 00FF			                and     ax, 0FFh
 0D8C  74 06			                jz      short loc_13562
 0D8E  B8 0080			                mov     ax, 80h
 0D91  EB 03			                jmp     short loc_13564
				; ---------------------------------------------------------------------------
				                even
				
 0D94				loc_13562:                              ; CODE XREF: sub_13544+16↑j
 0D94  33 C0			                xor     ax, ax
				
 0D96				loc_13564:                              ; CODE XREF: sub_13544+1B↑j
 0D96  08 46 FE			                or      [bp+var_2], al
 0D99  A0 02AB R		                mov     al, byte_11CDB
 0D9C  25 00FF			                and     ax, 0FFh
 0D9F  74 05			                jz      short loc_13574
 0DA1  B8 0040			                mov     ax, 40h ; '@'
 0DA4  EB 02			                jmp     short loc_13576
				; ---------------------------------------------------------------------------
				
 0DA6				loc_13574:                              ; CODE XREF: sub_13544+29↑j
 0DA6  33 C0			                xor     ax, ax
				
 0DA8				loc_13576:                              ; CODE XREF: sub_13544+2E↑j
 0DA8  08 46 FE			                or      [bp+var_2], al
 0DAB  8A 46 FE			                mov     al, [bp+var_2]
 0DAE  25 00FF			                and     ax, 0FFh
 0DB1  50			                push    ax
 0DB2  B8 00BD			                mov     ax, 0BDh
 0DB5  50			                push    ax
 0DB6  E8 F4B8			                call    sub_12A31
 0DB9  83 C4 04			                add     sp, 4
 0DBC  8B E5			                mov     sp, bp
 0DBE  5D			                pop     bp
 0DBF  C3			                retn
 0DC0				sub_13544       endp
				
				
				; =============== S U B R O U T I N E =======================================
				
				
 0DC0				sub_1358E       proc near               ; CODE XREF: sub_1376E+3↓p
 0DC0  A0 02AC R		                mov     al, byte_11CDC
 0DC3  25 00FF			                and     ax, 0FFh
 0DC6  74 06			                jz      short loc_1359C
 0DC8  B8 0040			                mov     ax, 40h ; '@'
 0DCB  EB 03			                jmp     short loc_1359E
				; ---------------------------------------------------------------------------
				                even
				
 0DCE				loc_1359C:                              ; CODE XREF: sub_1358E+6↑j
 0DCE  33 C0			                xor     ax, ax
				
 0DD0				loc_1359E:                              ; CODE XREF: sub_1358E+B↑j
 0DD0  50			                push    ax
 0DD1  B8 0008			                mov     ax, 8
 0DD4  50			                push    ax
 0DD5  E8 F499			                call    sub_12A31
 0DD8  83 C4 04			                add     sp, 4
 0DDB  C3			                retn
 0DDC				sub_1358E       endp
				
				
				; =============== S U B R O U T I N E =======================================
				
				; Attributes: bp-based frame
				
 0DDC				sub_135AA       proc near               ; CODE XREF: sub_1376E+6↓p
				
 = FFFFFFFC			var_4           = word ptr -4
 = FFFFFFFE			var_2           = word ptr -2
				
 0DDC  55			                push    bp
 0DDD  8B EC			                mov     bp, sp
 0DDF  83 EC 04			                sub     sp, 4
 0DE2  A1 0D8C R		                mov     ax, word_127BC
 0DE5  83 C0 40			                add     ax, 40h ; '@'
 0DE8  89 46 FC			                mov     [bp+var_4], ax
 0DEB  8B 1E 0D8E R		                mov     bx, word_127BE
 0DEF  8A 47 06			                mov     al, [bx+6]
 0DF2  83 E0 3F			                and     ax, 3Fh
 0DF5  B9 003F			                mov     cx, 3Fh ; '?'
 0DF8  2B C8			                sub     cx, ax
 0DFA  89 4E FE			                mov     [bp+var_2], cx
 0DFD  8B 1E 0D8E R		                mov     bx, word_127BE
 0E01  8A 47 07			                mov     al, [bx+7]
 0E04  25 00FF			                and     ax, 0FFh
 0E07  B9 0006			                mov     cx, 6
 0E0A  D3 E0			                shl     ax, cl
 0E0C  09 46 FE			                or      [bp+var_2], ax
 0E0F  FF 76 FE			                push    [bp+var_2]
 0E12  8B 46 FC			                mov     ax, [bp+var_4]
 0E15  50			                push    ax
 0E16  E8 F458			                call    sub_12A31
 0E19  83 C4 04			                add     sp, 4
 0E1C  8B E5			                mov     sp, bp
 0E1E  5D			                pop     bp
 0E1F  C3			                retn
 0E20				sub_135AA       endp
				
				; ---------------------------------------------------------------------------
				                even
				
				; =============== S U B R O U T I N E =======================================
				
				; Attributes: bp-based frame
				
 0E20				sub_135F0       proc near               ; CODE XREF: sub_1376E+9↓p
				
 = FFFFFFFC			var_4           = word ptr -4
 = FFFFFFFE			var_2           = word ptr -2
				
 0E20  55			                push    bp
 0E21  8B EC			                mov     bp, sp
 0E23  83 EC 04			                sub     sp, 4
 0E26  A1 0D8A R		                mov     ax, word_127BA
 0E29  05 00C0			                add     ax, 0C0h
 0E2C  89 46 FC			                mov     [bp+var_4], ax
 0E2F  8B 1E 0D8E R		                mov     bx, word_127BE
 0E33  8A 47 0A			                mov     al, [bx+0Ah]
 0E36  25 00FF			                and     ax, 0FFh
 0E39  D1 E0			                shl     ax, 1
 0E3B  89 46 FE			                mov     [bp+var_2], ax
 0E3E  8B 1E 0D8E R		                mov     bx, word_127BE
 0E42  8A 47 0D			                mov     al, [bx+0Dh]
 0E45  25 00FF			                and     ax, 0FFh
 0E48  74 04			                jz      short loc_13620
 0E4A  33 C0			                xor     ax, ax
 0E4C  EB 03			                jmp     short loc_13623
				; ---------------------------------------------------------------------------
				                even
				
 0E4E				loc_13620:                              ; CODE XREF: sub_135F0+29↑j
 0E4E  B8 0001			                mov     ax, 1
				
 0E51				loc_13623:                              ; CODE XREF: sub_135F0+2D↑j
 0E51  09 46 FE			                or      [bp+var_2], ax
 0E54  FF 76 FE			                push    [bp+var_2]
 0E57  8B 46 FC			                mov     ax, [bp+var_4]
 0E5A  50			                push    ax
 0E5B  E8 F413			                call    sub_12A31
 0E5E  83 C4 04			                add     sp, 4
 0E61  8B E5			                mov     sp, bp
 0E63  5D			                pop     bp
 0E64  C3			                retn
 0E65				sub_135F0       endp
				
				; ---------------------------------------------------------------------------
				                even
				
				; =============== S U B R O U T I N E =======================================
				
				; Attributes: bp-based frame
				
 0E66				sub_13638       proc near               ; CODE XREF: sub_1376E+C↓p
				
 = FFFFFFFC			var_4           = word ptr -4
 = FFFFFFFE			var_2           = word ptr -2
				
 0E66  55			                push    bp
 0E67  8B EC			                mov     bp, sp
 0E69  83 EC 04			                sub     sp, 4
 0E6C  A1 0D8C R		                mov     ax, word_127BC
 0E6F  83 C0 60			                add     ax, 60h ; '`'
 0E72  89 46 FC			                mov     [bp+var_4], ax
 0E75  8B 1E 0D8E R		                mov     bx, word_127BE
 0E79  8A 07			                mov     al, [bx]
 0E7B  25 00FF			                and     ax, 0FFh
 0E7E  D1 E0			                shl     ax, 1
 0E80  D1 E0			                shl     ax, 1
 0E82  D1 E0			                shl     ax, 1
 0E84  D1 E0			                shl     ax, 1
 0E86  89 46 FE			                mov     [bp+var_2], ax
 0E89  8B 1E 0D8E R		                mov     bx, word_127BE
 0E8D  8A 47 01			                mov     al, [bx+1]
 0E90  83 E0 0F			                and     ax, 0Fh
 0E93  09 46 FE			                or      [bp+var_2], ax
 0E96  FF 76 FE			                push    [bp+var_2]
 0E99  8B 46 FC			                mov     ax, [bp+var_4]
 0E9C  50			                push    ax
 0E9D  E8 F3D1			                call    sub_12A31
 0EA0  83 C4 04			                add     sp, 4
 0EA3  8B E5			                mov     sp, bp
 0EA5  5D			                pop     bp
 0EA6  C3			                retn
 0EA7				sub_13638       endp
				
				
				; =============== S U B R O U T I N E =======================================
				
				; Attributes: bp-based frame
				
 0EA7				sub_1367A       proc near               ; CODE XREF: sub_1376E+F↓p
				
 = FFFFFFFC			var_4           = word ptr -4
 = FFFFFFFE			var_2           = word ptr -2
				
 0EA7  55			                push    bp
 0EA8  8B EC			                mov     bp, sp
 0EAA  83 EC 04			                sub     sp, 4
 0EAD  A1 0D8C R		                mov     ax, word_127BC
 0EB0  05 0080			                add     ax, 80h
 0EB3  89 46 FC			                mov     [bp+var_4], ax
 0EB6  8B 1E 0D8E R		                mov     bx, word_127BE
 0EBA  8A 47 02			                mov     al, [bx+2]
 0EBD  25 00FF			                and     ax, 0FFh
 0EC0  D1 E0			                shl     ax, 1
 0EC2  D1 E0			                shl     ax, 1
 0EC4  D1 E0			                shl     ax, 1
 0EC6  D1 E0			                shl     ax, 1
 0EC8  89 46 FE			                mov     [bp+var_2], ax
 0ECB  8B 1E 0D8E R		                mov     bx, word_127BE
 0ECF  8A 47 03			                mov     al, [bx+3]
 0ED2  83 E0 0F			                and     ax, 0Fh
 0ED5  09 46 FE			                or      [bp+var_2], ax
 0ED8  FF 76 FE			                push    [bp+var_2]
 0EDB  8B 46 FC			                mov     ax, [bp+var_4]
 0EDE  50			                push    ax
 0EDF  E8 F38F			                call    sub_12A31
 0EE2  83 C4 04			                add     sp, 4
 0EE5  8B E5			                mov     sp, bp
 0EE7  5D			                pop     bp
 0EE8  C3			                retn
 0EE9				sub_1367A       endp
				
				; ---------------------------------------------------------------------------
				                even
				
				; =============== S U B R O U T I N E =======================================
				
				; Attributes: bp-based frame
				
 0EEA				sub_136BE       proc near               ; CODE XREF: sub_1376E+12↓p
				
 = FFFFFFFC			var_4           = word ptr -4
 = FFFFFFFE			var_2           = word ptr -2
				
 0EEA  55			                push    bp
 0EEB  8B EC			                mov     bp, sp
 0EED  83 EC 04			                sub     sp, 4
 0EF0  A1 0D8C R		                mov     ax, word_127BC
 0EF3  83 C0 20			                add     ax, 20h ; ' '
 0EF6  89 46 FC			                mov     [bp+var_4], ax
 0EF9  8B 1E 0D8E R		                mov     bx, word_127BE
 0EFD  8A 47 0B			                mov     al, [bx+0Bh]
 0F00  25 00FF			                and     ax, 0FFh
 0F03  74 05			                jz      short loc_136E0
 0F05  B8 0080			                mov     ax, 80h
 0F08  EB 02			                jmp     short loc_136E2
				; ---------------------------------------------------------------------------
				                even
				
 0F0A				loc_136E0:                              ; CODE XREF: sub_136BE+1A↑j
 0F0A  33 C0			                xor     ax, ax
				
 0F0C				loc_136E2:                              ; CODE XREF: sub_136BE+1F↑j
 0F0C  89 46 FE			                mov     [bp+var_2], ax
 0F0F  8B 1E 0D8E R		                mov     bx, word_127BE
 0F13  8A 47 0C			                mov     al, [bx+0Ch]
 0F16  25 00FF			                and     ax, 0FFh
 0F19  74 05			                jz      short loc_136F6
 0F1B  B8 0040			                mov     ax, 40h ; '@'
 0F1E  EB 02			                jmp     short loc_136F8
				; ---------------------------------------------------------------------------
				
 0F20				loc_136F6:                              ; CODE XREF: sub_136BE+31↑j
 0F20  33 C0			                xor     ax, ax
				
 0F22				loc_136F8:                              ; CODE XREF: sub_136BE+36↑j
 0F22  01 46 FE			                add     [bp+var_2], ax
 0F25  8B 1E 0D8E R		                mov     bx, word_127BE
 0F29  8A 47 04			                mov     al, [bx+4]
 0F2C  25 00FF			                and     ax, 0FFh
 0F2F  74 05			                jz      short loc_1370C
 0F31  B8 0020			                mov     ax, 20h ; ' '
 0F34  EB 02			                jmp     short loc_1370E
				; ---------------------------------------------------------------------------
				
 0F36				loc_1370C:                              ; CODE XREF: sub_136BE+47↑j
 0F36  33 C0			                xor     ax, ax
				
 0F38				loc_1370E:                              ; CODE XREF: sub_136BE+4C↑j
 0F38  01 46 FE			                add     [bp+var_2], ax
 0F3B  8B 1E 0D8E R		                mov     bx, word_127BE
 0F3F  8A 47 05			                mov     al, [bx+5]
 0F42  25 00FF			                and     ax, 0FFh
 0F45  74 05			                jz      short loc_13722
 0F47  B8 0010			                mov     ax, 10h
 0F4A  EB 02			                jmp     short loc_13724
				; ---------------------------------------------------------------------------
				
 0F4C				loc_13722:                              ; CODE XREF: sub_136BE+5D↑j
 0F4C  33 C0			                xor     ax, ax
				
 0F4E				loc_13724:                              ; CODE XREF: sub_136BE+62↑j
 0F4E  01 46 FE			                add     [bp+var_2], ax
 0F51  8B 1E 0D8E R		                mov     bx, word_127BE
 0F55  8A 47 09			                mov     al, [bx+9]
 0F58  83 E0 0F			                and     ax, 0Fh
 0F5B  01 46 FE			                add     [bp+var_2], ax
 0F5E  FF 76 FE			                push    [bp+var_2]
 0F61  8B 46 FC			                mov     ax, [bp+var_4]
 0F64  50			                push    ax
 0F65  E8 F309			                call    sub_12A31
 0F68  83 C4 04			                add     sp, 4
 0F6B  8B E5			                mov     sp, bp
 0F6D  5D			                pop     bp
 0F6E  C3			                retn
 0F6F				sub_136BE       endp
				
				; ---------------------------------------------------------------------------
				                even
				
				; =============== S U B R O U T I N E =======================================
				
				; Attributes: bp-based frame
				
 0F70				sub_13746       proc near               ; CODE XREF: sub_1376E+15↓p
				
 = FFFFFFFE			var_2           = word ptr -2
				
 0F70  55			                push    bp
 0F71  8B EC			                mov     bp, sp
 0F73  83 EC 02			                sub     sp, 2
 0F76  A1 0D8C R		                mov     ax, word_127BC
 0F79  05 00E0			                add     ax, 0E0h
 0F7C  89 46 FE			                mov     [bp+var_2], ax
 0F7F  8B 1E 0D8E R		                mov     bx, word_127BE
 0F83  8A 47 08			                mov     al, [bx+8]
 0F86  83 E0 03			                and     ax, 3
 0F89  50			                push    ax
 0F8A  FF 76 FE			                push    [bp+var_2]
 0F8D  E8 F2E1			                call    sub_12A31
 0F90  83 C4 04			                add     sp, 4
 0F93  8B E5			                mov     sp, bp
 0F95  5D			                pop     bp
 0F96  C3			                retn
 0F97				sub_13746       endp
				
				
				; =============== S U B R O U T I N E =======================================
				
				
 0F97				sub_1376E       proc near               ; CODE XREF: sub_13788:loc_137D6↓p
				                                        ; sub_13788+10C↓p
 0F97  E8 FDDD			                call    sub_13544
 0F9A  E8 FE23			                call    sub_1358E
 0F9D  E8 FE3C			                call    sub_135AA
 0FA0  E8 FE7D			                call    sub_135F0
 0FA3  E8 FEC0			                call    sub_13638
 0FA6  E8 FEFE			                call    sub_1367A
 0FA9  E8 FF3E			                call    sub_136BE
 0FAC  E8 FFC1			                call    sub_13746
 0FAF  C3			                retn
 0FB0				sub_1376E       endp
				
				; ---------------------------------------------------------------------------
				                even
				
				; =============== S U B R O U T I N E =======================================
				
				; Attributes: bp-based frame
				
 0FB0				sub_13788       proc near               ; CODE XREF: sub_1389E+126↓p
				                                        ; sub_13B8C+35↓p ...
				
 = FFFFFFFE			var_2           = word ptr -2
 = 0004				arg_0           = byte ptr  4
 = 0006				arg_2           = byte ptr  6
				
 0FB0  55			                push    bp
 0FB1  8B EC			                mov     bp, sp
 0FB3  83 EC 02			                sub     sp, 2
 0FB6  56			                push    si
 0FB7  57			                push    di
 0FB8  8A 46 04			                mov     al, [bp+arg_0]
 0FBB  25 00FF			                and     ax, 0FFh
 0FBE  50			                push    ax
 0FBF  E8 F8CF			                call    sub_13052
 0FC2  83 C4 02			                add     sp, 2
 0FC5  A3 0D8A R		                mov     word_127BA, ax
 0FC8  8A 46 06			                mov     al, [bp+arg_2]
 0FCB  25 00FF			                and     ax, 0FFh
 0FCE  B9 002C			                mov     cx, 2Ch ; ','
 0FD1  F7 E9			                imul    cx
 0FD3  B9 02D6			                mov     cx, 2D6h
 0FD6  03 C8			                add     cx, ax
 0FD8  89 0E 0D8E R		                mov     word_127BE, cx
 0FDC  8A 46 04			                mov     al, [bp+arg_0]
 0FDF  25 00FF			                and     ax, 0FFh
 0FE2  8B D8			                mov     bx, ax
 0FE4  D1 E3			                shl     bx, 1
 0FE6  8A 87 02AE		                mov     al, [bx+2AEh]
 0FEA  98			                cbw
 0FEB  8B D8			                mov     bx, ax
 0FED  8A 87 02C4		                mov     al, [bx+2C4h]
 0FF1  98			                cbw
 0FF2  A3 0D8C R		                mov     word_127BC, ax
 0FF5  83 F8 14			                cmp     ax, 14h
 0FF8  72 03			                jb      short loc_137D6
 0FFA  E9 0085			                jmp     loc_1385B
				; ---------------------------------------------------------------------------
				
 0FFD				loc_137D6:                              ; CODE XREF: sub_13788+49↑j
 0FFD  E8 FF97			                call    sub_1376E
 1000  8B 1E 0D8E R		                mov     bx, word_127BE
 1004  8A 47 0E			                mov     al, [bx+0Eh]
 1007  89 46 FE			                mov     [bp+var_2], ax
 100A  8A 46 04			                mov     al, [bp+arg_0]
 100D  25 00FF			                and     ax, 0FFh
 1010  8B D8			                mov     bx, ax
 1012  D1 E3			                shl     bx, 1
 1014  D1 E3			                shl     bx, 1
 1016  D1 E3			                shl     bx, 1
 1018  8B 46 FE			                mov     ax, [bp+var_2]
 101B  88 87 0D32		                mov     [bx+0D32h], al
 101F  8B 1E 0D8E R		                mov     bx, word_127BE
 1023  8B 47 10			                mov     ax, [bx+10h]
 1026  89 46 FE			                mov     [bp+var_2], ax
 1029  8A 46 04			                mov     al, [bp+arg_0]
 102C  25 00FF			                and     ax, 0FFh
 102F  D1 E0			                shl     ax, 1
 1031  D1 E0			                shl     ax, 1
 1033  D1 E0			                shl     ax, 1
 1035  BB 0D32			                mov     bx, 0D32h
 1038  03 D8			                add     bx, ax
 103A  8B 46 FE			                mov     ax, [bp+var_2]
 103D  89 47 02			                mov     [bx+2], ax
 1040  8B 1E 0D8E R		                mov     bx, word_127BE
 1044  8B 47 12			                mov     ax, [bx+12h]
 1047  89 46 FE			                mov     [bp+var_2], ax
 104A  8A 46 04			                mov     al, [bp+arg_0]
 104D  25 00FF			                and     ax, 0FFh
 1050  D1 E0			                shl     ax, 1
 1052  D1 E0			                shl     ax, 1
 1054  D1 E0			                shl     ax, 1
 1056  BB 0D32			                mov     bx, 0D32h
 1059  03 D8			                add     bx, ax
 105B  8B 46 FE			                mov     ax, [bp+var_2]
 105E  89 47 04			                mov     [bx+4], ax
 1061  8B 1E 0D8E R		                mov     bx, word_127BE
 1065  8B 47 14			                mov     ax, [bx+14h]
 1068  89 46 FE			                mov     [bp+var_2], ax
 106B  8A 46 04			                mov     al, [bp+arg_0]
 106E  25 00FF			                and     ax, 0FFh
 1071  D1 E0			                shl     ax, 1
 1073  D1 E0			                shl     ax, 1
 1075  D1 E0			                shl     ax, 1
 1077  BB 0D32			                mov     bx, 0D32h
 107A  03 D8			                add     bx, ax
 107C  8B 46 FE			                mov     ax, [bp+var_2]
 107F  89 47 06			                mov     [bx+6], ax
				
 1082				loc_1385B:                              ; CODE XREF: sub_13788+4B↑j
 1082  8A 46 06			                mov     al, [bp+arg_2]
 1085  25 00FF			                and     ax, 0FFh
 1088  B9 002C			                mov     cx, 2Ch ; ','
 108B  F7 E9			                imul    cx
 108D  B9 02D6			                mov     cx, 2D6h
 1090  03 C8			                add     cx, ax
 1092  B8 0016			                mov     ax, 16h
 1095  03 C8			                add     cx, ax
 1097  89 0E 0D8E R		                mov     word_127BE, cx
 109B  8A 46 04			                mov     al, [bp+arg_0]
 109E  25 00FF			                and     ax, 0FFh
 10A1  D1 E0			                shl     ax, 1
 10A3  BB 02AE			                mov     bx, 2AEh
 10A6  03 D8			                add     bx, ax
 10A8  8A 47 01			                mov     al, [bx+1]
 10AB  98			                cbw
 10AC  8B D8			                mov     bx, ax
 10AE  8A 87 02C4		                mov     al, [bx+2C4h]
 10B2  98			                cbw
 10B3  A3 0D8C R		                mov     word_127BC, ax
 10B6  83 F8 14			                cmp     ax, 14h
 10B9  73 03			                jnb     short loc_13897
 10BB  E8 FED9			                call    sub_1376E
				
 10BE				loc_13897:                              ; CODE XREF: sub_13788+10A↑j
 10BE  5F			                pop     di
 10BF  5E			                pop     si
 10C0  8B E5			                mov     sp, bp
 10C2  5D			                pop     bp
 10C3  C3			                retn
 10C4				sub_13788       endp
				
				; ---------------------------------------------------------------------------
				                even
				
				; =============== S U B R O U T I N E =======================================
				
				; Attributes: bp-based frame
				
 10C4				sub_1389E       proc near               ; CODE XREF: sub_13C8C+13↓p
				                                        ; sub_13C8C+1D↓p ...
				
 = FFFFFFFA			var_6           = word ptr -6
 = FFFFFFFC			var_4           = byte ptr -4
 = FFFFFFFE			var_2           = word ptr -2
 = 0004				arg_0           = word ptr  4
				
 10C4  55			                push    bp
 10C5  8B EC			                mov     bp, sp
 10C7  83 EC 06			                sub     sp, 6
 10CA  56			                push    si
 10CB  57			                push    di
 10CC  C6 46 FC 00		                mov     [bp+var_4], 0
 10D0  8B 5E 04			                mov     bx, [bp+arg_0]
 10D3  8A 07			                mov     al, [bx]
 10D5  25 00FF			                and     ax, 0FFh
 10D8  75 03			                jnz     short loc_138B8
 10DA  E9 026A			                jmp     loc_13B2C
				; ---------------------------------------------------------------------------
				
 10DD				loc_138B8:                              ; CODE XREF: sub_1389E+15↑j
 10DD  8B 5E 04			                mov     bx, [bp+arg_0]
 10E0  8A 47 07			                mov     al, [bx+7]
 10E3  25 00FF			                and     ax, 0FFh
 10E6  74 1B			                jz      short loc_138DE
 10E8  8B 5E 04			                mov     bx, [bp+arg_0]
 10EB  FE 4F 07			                dec     byte ptr [bx+7]
 10EE  8A 47 07			                mov     al, [bx+7]
 10F1  25 00FF			                and     ax, 0FFh
 10F4  75 0D			                jnz     short loc_138DE
 10F6  A0 0C2E R		                mov     al, byte_1265E
 10F9  25 00FF			                and     ax, 0FFh
 10FC  50			                push    ax
 10FD  E8 FA54			                call    sub_1331C
 1100  83 C4 02			                add     sp, 2
				
 1103				loc_138DE:                              ; CODE XREF: sub_1389E+23↑j
				                                        ; sub_1389E+31↑j
 1103  8B 5E 04			                mov     bx, [bp+arg_0]
 1106  FE 0F			                dec     byte ptr [bx]
 1108  8A 07			                mov     al, [bx]
 110A  25 00FF			                and     ax, 0FFh
 110D  7E 03			                jle     short loc_138ED
 110F  E9 0235			                jmp     loc_13B2C
				; ---------------------------------------------------------------------------
				
 1112				loc_138ED:                              ; CODE XREF: sub_1389E+4A↑j
				                                        ; sub_1389E:def_13A6F↓j
 1112  8B 5E 04			                mov     bx, [bp+arg_0]
 1115  8B 47 0C			                mov     ax, [bx+0Ch]
 1118  8B 5E 04			                mov     bx, [bp+arg_0]
 111B  8B 4F 0A			                mov     cx, [bx+0Ah]
 111E  03 C8			                add     cx, ax
 1120  89 4E FE			                mov     [bp+var_2], cx
 1123  8B D9			                mov     bx, cx
 1125  8A 07			                mov     al, [bx]
 1127  98			                cbw
 1128  25 0080			                and     ax, 80h
 112B  75 03			                jnz     short loc_1390B
 112D  E9 0174			                jmp     loc_13A88
				; ---------------------------------------------------------------------------
				
 1130				loc_1390B:                              ; CODE XREF: sub_1389E+68↑j
 1130  8B 5E FE			                mov     bx, [bp+var_2]
 1133  8A 07			                mov     al, [bx]
 1135  98			                cbw
 1136  E9 0145			                jmp     loc_13A60
				; ---------------------------------------------------------------------------
 1139  8B 5E 04			                mov     bx, [bp+arg_0]
 113C  83 7F 10 00		                cmp     word ptr [bx+10h], 0
 1140  75 1D			                jnz     short loc_1393A
 1142  FF 46 FE			                inc     [bp+var_2]
 1145  8B 5E FE			                mov     bx, [bp+var_2]
 1148  8A 07			                mov     al, [bx]
 114A  98			                cbw
 114B  8B 5E 04			                mov     bx, [bp+arg_0]
 114E  89 47 10			                mov     [bx+10h], ax
 1151  8B 5E 04			                mov     bx, [bp+arg_0]
 1154  8B 47 0E			                mov     ax, [bx+0Eh]
 1157  8B 5E 04			                mov     bx, [bp+arg_0]
 115A  89 47 0C			                mov     [bx+0Ch], ax
 115D  EB 30			                jmp     short loc_1396A
				; ---------------------------------------------------------------------------
				
 115F				loc_1393A:                              ; CODE XREF: sub_1389E+7D↑j
 115F  8B 5E 04			                mov     bx, [bp+arg_0]
 1162  FF 4F 10			                dec     word ptr [bx+10h]
 1165  8B 5E 04			                mov     bx, [bp+arg_0]
 1168  83 7F 10 00		                cmp     word ptr [bx+10h], 0
 116C  75 15			                jnz     short loc_1395E
 116E  8B 5E 04			                mov     bx, [bp+arg_0]
 1171  83 47 0C 02		                add     word ptr [bx+0Ch], 2
 1175  8B 5E 04			                mov     bx, [bp+arg_0]
 1178  8B 47 0C			                mov     ax, [bx+0Ch]
 117B  8B 5E 04			                mov     bx, [bp+arg_0]
 117E  89 47 0E			                mov     [bx+0Eh], ax
 1181  EB 0C			                jmp     short loc_1396A
				; ---------------------------------------------------------------------------
				
 1183				loc_1395E:                              ; CODE XREF: sub_1389E+A9↑j
 1183  8B 5E 04			                mov     bx, [bp+arg_0]
 1186  8B 47 0E			                mov     ax, [bx+0Eh]
 1189  8B 5E 04			                mov     bx, [bp+arg_0]
 118C  89 47 0C			                mov     [bx+0Ch], ax
				
 118F				loc_1396A:                              ; CODE XREF: sub_1389E+9A↑j
				                                        ; sub_1389E+BE↑j
 118F  E9 010E			                jmp     def_13A6F       ; jumptable 00013A6F default case
				; ---------------------------------------------------------------------------
				                even
				
 1192				loc_1396E:                              ; CODE XREF: sub_1389E+1D1↓j
				                                        ; DATA XREF: sub_1389E:jpt_13A6F↓o
 1192  8B 5E 04			                mov     bx, [bp+arg_0]  ; jumptable 00013A6F case -2
 1195  FF 47 0C			                inc     word ptr [bx+0Ch]
 1198  8B 47 0C			                mov     ax, [bx+0Ch]
 119B  8B 5E 04			                mov     bx, [bp+arg_0]
 119E  89 47 0E			                mov     [bx+0Eh], ax
 11A1  E9 00FC			                jmp     def_13A6F       ; jumptable 00013A6F default case
				; ---------------------------------------------------------------------------
				
 11A4				loc_13980:                              ; CODE XREF: sub_1389E+1D1↓j
				                                        ; DATA XREF: sub_1389E:jpt_13A6F↓o
 11A4  8B 5E 04			                mov     bx, [bp+arg_0]  ; jumptable 00013A6F case -3
 11A7  83 7F 12 00		                cmp     word ptr [bx+12h], 0
 11AB  75 0B			                jnz     short loc_13994
 11AD  8B 5E 04			                mov     bx, [bp+arg_0]
 11B0  C7 47 0C 0000		                mov     word ptr [bx+0Ch], 0
 11B5  EB 07			                jmp     short loc_1399A
				; ---------------------------------------------------------------------------
				                even
				
 11B8				loc_13994:                              ; CODE XREF: sub_1389E+E9↑j
 11B8  8B 5E 04			                mov     bx, [bp+arg_0]
 11BB  FF 57 12			                call    word ptr [bx+12h]
				
 11BE				loc_1399A:                              ; CODE XREF: sub_1389E+F3↑j
 11BE  E9 00DF			                jmp     def_13A6F       ; jumptable 00013A6F default case
				; ---------------------------------------------------------------------------
				                even
				
 11C2				loc_1399E:                              ; CODE XREF: sub_1389E+1D1↓j
				                                        ; DATA XREF: sub_1389E:jpt_13A6F↓o
 11C2  FF 46 FE			                inc     [bp+var_2]      ; jumptable 00013A6F case -4
 11C5  8B 5E FE			                mov     bx, [bp+var_2]
 11C8  8A 07			                mov     al, [bx]
 11CA  8B 5E 04			                mov     bx, [bp+arg_0]
 11CD  88 47 04			                mov     [bx+4], al
 11D0  8B 5E 04			                mov     bx, [bp+arg_0]
 11D3  83 47 0C 02		                add     word ptr [bx+0Ch], 2
 11D7  8B 5E 04			                mov     bx, [bp+arg_0]
 11DA  8A 47 04			                mov     al, [bx+4]
 11DD  25 00FF			                and     ax, 0FFh
 11E0  50			                push    ax
 11E1  A0 0C2E R		                mov     al, byte_1265E
 11E4  25 00FF			                and     ax, 0FFh
 11E7  50			                push    ax
 11E8  E8 FDC5			                call    sub_13788
 11EB  83 C4 04			                add     sp, 4
 11EE  E9 00AF			                jmp     def_13A6F       ; jumptable 00013A6F default case
				; ---------------------------------------------------------------------------
				                even
				
 11F2				loc_139CE:                              ; CODE XREF: sub_1389E+1D1↓j
				                                        ; DATA XREF: sub_1389E:jpt_13A6F↓o
 11F2  FF 46 FE			                inc     [bp+var_2]      ; jumptable 00013A6F case -5
 11F5  8B 5E FE			                mov     bx, [bp+var_2]
 11F8  8A 07			                mov     al, [bx]
 11FA  8B 5E 04			                mov     bx, [bp+arg_0]
 11FD  88 47 06			                mov     [bx+6], al
 1200  8B 5E 04			                mov     bx, [bp+arg_0]
 1203  83 47 0C 02		                add     word ptr [bx+0Ch], 2
 1207  E9 0096			                jmp     def_13A6F       ; jumptable 00013A6F default case
				; ---------------------------------------------------------------------------
				
 120A				loc_139E6:                              ; CODE XREF: sub_1389E+1D1↓j
				                                        ; DATA XREF: sub_1389E:jpt_13A6F↓o
 120A  FF 46 FE			                inc     [bp+var_2]      ; jumptable 00013A6F case -6
 120D  8B 5E FE			                mov     bx, [bp+var_2]
 1210  8A 07			                mov     al, [bx]
 1212  8B 5E 04			                mov     bx, [bp+arg_0]
 1215  88 47 01			                mov     [bx+1], al
 1218  8B 5E 04			                mov     bx, [bp+arg_0]
 121B  83 47 0C 02		                add     word ptr [bx+0Ch], 2
 121F  E9 007E			                jmp     def_13A6F       ; jumptable 00013A6F default case
				; ---------------------------------------------------------------------------
				
 1222				loc_139FE:                              ; CODE XREF: sub_1389E+1D1↓j
				                                        ; DATA XREF: sub_1389E:jpt_13A6F↓o
 1222  FF 46 FE			                inc     [bp+var_2]      ; jumptable 00013A6F case -7
 1225  8B 5E FE			                mov     bx, [bp+var_2]
 1228  8A 07			                mov     al, [bx]
 122A  8B 5E 04			                mov     bx, [bp+arg_0]
 122D  88 47 05			                mov     [bx+5], al
 1230  8B 5E 04			                mov     bx, [bp+arg_0]
 1233  83 47 0C 02		                add     word ptr [bx+0Ch], 2
 1237  8B 5E 04			                mov     bx, [bp+arg_0]
 123A  8A 47 05			                mov     al, [bx+5]
 123D  25 00FF			                and     ax, 0FFh
 1240  50			                push    ax
 1241  A0 0C2E R		                mov     al, byte_1265E
 1244  25 00FF			                and     ax, 0FFh
 1247  50			                push    ax
 1248  E8 F671			                call    sub_1307E
 124B  83 C4 04			                add     sp, 4
 124E  EB 50			                jmp     def_13A6F       ; jumptable 00013A6F default case
				; ---------------------------------------------------------------------------
				                even
				
 1250				loc_13A2E:                              ; CODE XREF: sub_1389E+1D1↓j
				                                        ; DATA XREF: sub_1389E:jpt_13A6F↓o
 1250  FF 46 FE			                inc     [bp+var_2]      ; jumptable 00013A6F case -8
 1253  8B 5E FE			                mov     bx, [bp+var_2]
 1256  8A 07			                mov     al, [bx]
 1258  8B 5E 04			                mov     bx, [bp+arg_0]
 125B  88 47 09			                mov     [bx+9], al
 125E  FF 46 FE			                inc     [bp+var_2]
 1261  8B 5E FE			                mov     bx, [bp+var_2]
 1264  8A 07			                mov     al, [bx]
 1266  8B 5E 04			                mov     bx, [bp+arg_0]
 1269  88 47 02			                mov     [bx+2], al
 126C  8B 5E 04			                mov     bx, [bp+arg_0]
 126F  C6 47 08 01		                mov     byte ptr [bx+8], 1
 1273  8B 5E 04			                mov     bx, [bp+arg_0]
 1276  83 47 0C 03		                add     word ptr [bx+0Ch], 3
 127A  EB 24			                jmp     def_13A6F       ; jumptable 00013A6F default case
				; ---------------------------------------------------------------------------
				                even
 127C  EB 22			                jmp     def_13A6F       ; jumptable 00013A6F default case
				; ---------------------------------------------------------------------------
				                even
				
 127E				loc_13A60:                              ; CODE XREF: sub_1389E+73↑j
 127E  83 E8 F8			                sub     ax, 0FFF8h      ; switch 7 cases
 1281  83 F8 07			                cmp     ax, 7
 1284  76 02			                jbe     short loc_13A6B
 1286  EB 18			                jmp     def_13A6F       ; jumptable 00013A6F default case
				; ---------------------------------------------------------------------------
				
 1288				loc_13A6B:                              ; CODE XREF: sub_1389E+1C8↑j
 1288  D1 E0			                shl     ax, 1
 128A  8B D8			                mov     bx, ax
 128C  2E: FF A7 1291 R		                jmp     cs:jpt_13A6F[bx] ; switch jump
				; ---------------------------------------------------------------------------
 1291 1250 R			jpt_13A6F       dw offset loc_13A2E     ; DATA XREF: sub_1389E+1D1↑r
 1293  1222 R			                dw offset loc_139FE     ; jump table for switch statement
 1295  120A R			                dw offset loc_139E6
 1297  11F2 R			                dw offset loc_139CE
 1299  11C2 R			                dw offset loc_1399E
 129B  11A4 R			                dw offset loc_13980
 129D  1192 R			                dw offset loc_1396E
				                align 4
				
 12A0				def_13A6F:                              ; CODE XREF: sub_1389E:loc_1396A↑j
				                                        ; sub_1389E+DF↑j ...
 12A0  E9 FE6F			                jmp     loc_138ED       ; jumptable 00013A6F default case
				; ---------------------------------------------------------------------------
				                even
				
 12A4				loc_13A88:                              ; CODE XREF: sub_1389E+6A↑j
 12A4  8B 5E 04			                mov     bx, [bp+arg_0]
 12A7  8B 47 0C			                mov     ax, [bx+0Ch]
 12AA  8B 5E 04			                mov     bx, [bp+arg_0]
 12AD  8B 4F 0A			                mov     cx, [bx+0Ah]
 12B0  03 C8			                add     cx, ax
 12B2  89 4E FE			                mov     [bp+var_2], cx
 12B5  8B 5E FE			                mov     bx, [bp+var_2]
 12B8  FF 46 FE			                inc     [bp+var_2]
 12BB  8A 07			                mov     al, [bx]
 12BD  8B 5E 04			                mov     bx, [bp+arg_0]
 12C0  88 47 03			                mov     [bx+3], al
 12C3  8B 5E FE			                mov     bx, [bp+var_2]
 12C6  FF 46 FE			                inc     [bp+var_2]
 12C9  8A 07			                mov     al, [bx]
 12CB  8B 5E 04			                mov     bx, [bp+arg_0]
 12CE  88 07			                mov     [bx], al
 12D0  8B 5E 04			                mov     bx, [bp+arg_0]
 12D3  83 47 0C 02		                add     word ptr [bx+0Ch], 2
 12D7  8B 5E 04			                mov     bx, [bp+arg_0]
 12DA  8A 47 03			                mov     al, [bx+3]
 12DD  25 00FF			                and     ax, 0FFh
 12E0  74 0A			                jz      short loc_13AD0
 12E2  8B 5E 04			                mov     bx, [bp+arg_0]
 12E5  8A 07			                mov     al, [bx]
 12E7  25 00FF			                and     ax, 0FFh
 12EA  75 0F			                jnz     short loc_13AE0
				
 12EC				loc_13AD0:                              ; CODE XREF: sub_1389E+226↑j
 12EC  A0 0C2E R		                mov     al, byte_1265E
 12EF  25 00FF			                and     ax, 0FFh
 12F2  50			                push    ax
 12F3  E8 F85E			                call    sub_1331C
 12F6  83 C4 02			                add     sp, 2
 12F9  EB 4C			                jmp     loc_13B2C
				; ---------------------------------------------------------------------------
				
 12FB				loc_13AE0:                              ; CODE XREF: sub_1389E+230↑j
 12FB  8B 5E 04			                mov     bx, [bp+arg_0]
 12FE  8A 47 07			                mov     al, [bx+7]
 1301  25 00FF			                and     ax, 0FFh
 1304  50			                push    ax
 1305  8B 5E 04			                mov     bx, [bp+arg_0]
 1308  8A 47 05			                mov     al, [bx+5]
 130B  25 00FF			                and     ax, 0FFh
 130E  50			                push    ax
 130F  8B 5E 04			                mov     bx, [bp+arg_0]
 1312  8A 47 03			                mov     al, [bx+3]
 1315  25 00FF			                and     ax, 0FFh
 1318  50			                push    ax
 1319  A0 0C2E R		                mov     al, byte_1265E
 131C  25 00FF			                and     ax, 0FFh
 131F  50			                push    ax
 1320  E8 F8AB			                call    sub_13398
 1323  83 C4 08			                add     sp, 8
 1326  8B 5E 04			                mov     bx, [bp+arg_0]
 1329  8A 07			                mov     al, [bx]
 132B  25 00FF			                and     ax, 0FFh
 132E  8B 5E 04			                mov     bx, [bp+arg_0]
 1331  8A 4F 06			                mov     cl, [bx+6]
 1334  89 46 FA			                mov     [bp+var_6], ax
 1337  8B C1			                mov     ax, cx
 1339  25 00FF			                and     ax, 0FFh
 133C  8B 4E FA			                mov     cx, [bp+var_6]
 133F  2B C8			                sub     cx, ax
 1341  8B 5E 04			                mov     bx, [bp+arg_0]
 1344  88 4F 07			                mov     [bx+7], cl
				
 1347				loc_13B2C:                              ; CODE XREF: sub_1389E+17↑j
				                                        ; sub_1389E+4C↑j ...
 1347  8B 5E 04			                mov     bx, [bp+arg_0]
 134A  80 7F 01 00		                cmp     byte ptr [bx+1], 0
 134E  74 15			                jz      short loc_13B4A
 1350  8B 5E 04			                mov     bx, [bp+arg_0]
 1353  8A 47 01			                mov     al, [bx+1]
 1356  98			                cbw
 1357  50			                push    ax
 1358  A0 0C2E R		                mov     al, byte_1265E
 135B  25 00FF			                and     ax, 0FFh
 135E  50			                push    ax
 135F  E8 F6F4			                call    sub_1321C
 1362  83 C4 04			                add     sp, 4
				
 1365				loc_13B4A:                              ; CODE XREF: sub_1389E+295↑j
 1365  8B 5E 04			                mov     bx, [bp+arg_0]
 1368  FE 4F 08			                dec     byte ptr [bx+8]
 136B  8A 47 08			                mov     al, [bx+8]
 136E  25 00FF			                and     ax, 0FFh
 1371  75 2A			                jnz     short loc_13B82
 1373  8B 5E 04			                mov     bx, [bp+arg_0]
 1376  8A 47 09			                mov     al, [bx+9]
 1379  8B 5E 04			                mov     bx, [bp+arg_0]
 137C  88 47 08			                mov     [bx+8], al
 137F  8B 5E 04			                mov     bx, [bp+arg_0]
 1382  80 7F 02 00		                cmp     byte ptr [bx+2], 0
 1386  74 15			                jz      short loc_13B82
 1388  8B 5E 04			                mov     bx, [bp+arg_0]
 138B  8A 47 02			                mov     al, [bx+2]
 138E  98			                cbw
 138F  50			                push    ax
 1390  A0 0C2E R		                mov     al, byte_1265E
 1393  25 00FF			                and     ax, 0FFh
 1396  50			                push    ax
 1397  E8 F741			                call    sub_132A2
 139A  83 C4 04			                add     sp, 4
				
 139D				loc_13B82:                              ; CODE XREF: sub_1389E+2B8↑j
				                                        ; sub_1389E+2CD↑j
 139D  FE 06 0C2E R		                inc     byte_1265E
 13A1  5F			                pop     di
 13A2  5E			                pop     si
 13A3  8B E5			                mov     sp, bp
 13A5  5D			                pop     bp
 13A6  C3			                retn
 13A7				sub_1389E       endp
				
				
				; =============== S U B R O U T I N E =======================================
				
				; Attributes: bp-based frame
				
 13A7				sub_13B8C       proc near               ; CODE XREF: sub_13C8C+4B↓p
				
 = FFFFFFFE			var_2           = word ptr -2
				
 13A7  55			                push    bp
 13A8  8B EC			                mov     bp, sp
 13AA  83 EC 02			                sub     sp, 2
 13AD  56			                push    si
 13AE  57			                push    di
 13AF  A0 0286 R		                mov     al, byte_11CB6
 13B2  25 00FF			                and     ax, 0FFh
 13B5  89 46 FE			                mov     [bp+var_2], ax
 13B8  A0 0287 R		                mov     al, byte_11CB7
 13BB  25 00FF			                and     ax, 0FFh
 13BE  8B 4E FE			                mov     cx, [bp+var_2]
 13C1  3B C8			                cmp     cx, ax
 13C3  75 02			                jnz     short loc_13BAE
 13C5  EB 7D			                jmp     loc_13C2E
				; ---------------------------------------------------------------------------
				
 13C7				loc_13BAE:                              ; CODE XREF: sub_13B8C+1D↑j
 13C7  A0 0286 R		                mov     al, byte_11CB6
 13CA  25 00FF			                and     ax, 0FFh
 13CD  75 02			                jnz     short loc_13BB9
 13CF  EB 57			                jmp     loc_13C10
				; ---------------------------------------------------------------------------
				
 13D1				loc_13BB9:                              ; CODE XREF: sub_13B8C+28↑j
 13D1  B8 0006			                mov     ax, 6
 13D4  50			                push    ax
 13D5  B8 0005			                mov     ax, 5
 13D8  50			                push    ax
 13D9  E8 FBD4			                call    sub_13788
 13DC  83 C4 04			                add     sp, 4
 13DF  B8 0001			                mov     ax, 1
 13E2  50			                push    ax
 13E3  B8 0006			                mov     ax, 6
 13E6  50			                push    ax
 13E7  E8 FBC6			                call    sub_13788
 13EA  83 C4 04			                add     sp, 4
 13ED  B8 000F			                mov     ax, 0Fh
 13F0  50			                push    ax
 13F1  B8 0005			                mov     ax, 5
 13F4  50			                push    ax
 13F5  E8 F52F			                call    sub_130EA
 13F8  83 C4 04			                add     sp, 4
 13FB  33 C0			                xor     ax, ax
 13FD  50			                push    ax
 13FE  B8 000F			                mov     ax, 0Fh
 1401  50			                push    ax
 1402  B8 000B			                mov     ax, 0Bh
 1405  50			                push    ax
 1406  B8 0005			                mov     ax, 5
 1409  50			                push    ax
 140A  E8 F7C1			                call    sub_13398
 140D  83 C4 08			                add     sp, 8
 1410  33 C0			                xor     ax, ax
 1412  50			                push    ax
 1413  B8 000F			                mov     ax, 0Fh
 1416  50			                push    ax
 1417  B8 0037			                mov     ax, 37h ; '7'
 141A  50			                push    ax
 141B  B8 0006			                mov     ax, 6
 141E  50			                push    ax
 141F  E8 F7AC			                call    sub_13398
 1422  83 C4 08			                add     sp, 8
 1425  EB 15			                jmp     short loc_13C24
				; ---------------------------------------------------------------------------
				                even
				
 1428				loc_13C10:                              ; CODE XREF: sub_13B8C+2A↑j
 1428  B8 0005			                mov     ax, 5
 142B  50			                push    ax
 142C  E8 F725			                call    sub_1331C
 142F  83 C4 02			                add     sp, 2
 1432  B8 0006			                mov     ax, 6
 1435  50			                push    ax
 1436  E8 F71B			                call    sub_1331C
 1439  83 C4 02			                add     sp, 2
				
 143C				loc_13C24:                              ; CODE XREF: sub_13B8C+81↑j
 143C  A0 0286 R		                mov     al, byte_11CB6
 143F  A2 0287 R		                mov     byte_11CB7, al
 1442  EB 56			                jmp     loc_13C85
				; ---------------------------------------------------------------------------
				                even
				
 1444				loc_13C2E:                              ; CODE XREF: sub_13B8C+1F↑j
 1444  A0 0286 R		                mov     al, byte_11CB6
 1447  25 00FF			                and     ax, 0FFh
 144A  75 02			                jnz     short loc_13C39
 144C  EB 4C			                jmp     loc_13C85
				; ---------------------------------------------------------------------------
				
 144E				loc_13C39:                              ; CODE XREF: sub_13B8C+A8↑j
 144E  A1 0280 R		                mov     ax, word_11CB0
 1451  39 06 027E R		                cmp     word_11CAE, ax
 1455  74 43			                jz      short loc_13C85
 1457  A1 027E R		                mov     ax, word_11CAE
 145A  05 08FC			                add     ax, 8FCh
 145D  50			                push    ax
 145E  B8 0005			                mov     ax, 5
 1461  50			                push    ax
 1462  E8 F598			                call    sub_131C2
 1465  83 C4 04			                add     sp, 4
 1468  B9 0006			                mov     cx, 6
 146B  A1 027E R		                mov     ax, word_11CAE
 146E  D3 E8			                shr     ax, cl
 1470  83 C0 0F			                add     ax, 0Fh
 1473  50			                push    ax
 1474  B8 0006			                mov     ax, 6
 1477  50			                push    ax
 1478  E8 F441			                call    sub_1307E
 147B  83 C4 04			                add     sp, 4
 147E  B9 0007			                mov     cx, 7
 1481  A1 027E R		                mov     ax, word_11CAE
 1484  D3 E8			                shr     ax, cl
 1486  83 C0 0F			                add     ax, 0Fh
 1489  50			                push    ax
 148A  B8 0005			                mov     ax, 5
 148D  50			                push    ax
 148E  E8 F42B			                call    sub_1307E
 1491  83 C4 04			                add     sp, 4
 1494  A1 027E R		                mov     ax, word_11CAE
 1497  A3 0280 R		                mov     word_11CB0, ax
				
 149A				loc_13C85:                              ; CODE XREF: sub_13B8C+9E↑j
				                                        ; sub_13B8C+AA↑j ...
 149A  5F			                pop     di
 149B  5E			                pop     si
 149C  8B E5			                mov     sp, bp
 149E  5D			                pop     bp
 149F  C3			                retn
 14A0				sub_13B8C       endp
				
				; ---------------------------------------------------------------------------
				                even
				
				; =============== S U B R O U T I N E =======================================
				
				
 14A0				sub_13C8C       proc near               ; CODE XREF: sub_12A70+23↑P
 14A0  80 3E 0B9A R 00		                cmp     byte_125CA, 0
 14A5  75 02			                jnz     short loc_13C96
 14A7  EB 44			                jmp     locret_13CDA
				; ---------------------------------------------------------------------------
				
 14A9				loc_13C96:                              ; CODE XREF: sub_13C8C+5↑j
 14A9  C6 06 0C2E R 00		                mov     byte_1265E, 0
 14AE  B8 0B9C			                mov     ax, 0B9Ch
 14B1  50			                push    ax
 14B2  E8 FC0F			                call    sub_1389E
 14B5  83 C4 02			                add     sp, 2
 14B8  B8 0BB0			                mov     ax, 0BB0h
 14BB  50			                push    ax
 14BC  E8 FC05			                call    sub_1389E
 14BF  83 C4 02			                add     sp, 2
 14C2  B8 0BC4			                mov     ax, 0BC4h
 14C5  50			                push    ax
 14C6  E8 FBFB			                call    sub_1389E
 14C9  83 C4 02			                add     sp, 2
 14CC  B8 0BD8			                mov     ax, 0BD8h
 14CF  50			                push    ax
 14D0  E8 FBF1			                call    sub_1389E
 14D3  83 C4 02			                add     sp, 2
 14D6  B8 0BEC			                mov     ax, 0BECh
 14D9  50			                push    ax
 14DA  E8 FBE7			                call    sub_1389E
 14DD  83 C4 02			                add     sp, 2
 14E0  B8 0C00			                mov     ax, 0C00h
 14E3  50			                push    ax
 14E4  E8 FBDD			                call    sub_1389E
 14E7  83 C4 02			                add     sp, 2
 14EA  E8 FEBA			                call    sub_13B8C
				
 14ED				locret_13CDA:                           ; CODE XREF: sub_13C8C+7↑j
 14ED  C3			                retn
 14EE				sub_13C8C       endp
				
				; ---------------------------------------------------------------------------
 14EE  00			                db 0
				; ---------------------------------------------------------------------------
 14EF  D3 11			                rcl     word ptr [bx+di], cl
 14F1  EB 03			                jmp     short loc_13CE3
				; ---------------------------------------------------------------------------
				
 14F3				loc_13CE0:                              ; CODE XREF: seg127c:1543↓j
				                                        ; seg127c:1547↓j
 14F3  33 C0			                xor     ax, ax
 14F5  AA			                stosb
				
 14F6				loc_13CE3:                              ; CODE XREF: seg127c:151E↑j
				                                        ; seg127c:1526↓j ...
 14F6  AC			                lodsb
 14F7  3C 20			                cmp     al, 20h ; ' '
 14F9  74 FB			                jz      short loc_13CE3
 14FB  3C 09			                cmp     al, 9
 14FD  74 F7			                jz      short loc_13CE3
 14FF  3C 0D			                cmp     al, 0Dh
 1501  75 03			                jnz     short loc_13CF3
 1503  E9 00 00			                db 0E9h, 00h, 00h
				; ---------------------------------------------------------------------------
				
 1506				loc_13CF3:                              ; CODE XREF: seg127c:152E↑j
 1506  0A C0			                or      al, al
 1508  75 03			                jnz     short loc_13CFA
				; ---------------------------------------------------------------------------
 150A  EB			                db 0EBh
 150B  79			                db  79h ; y
 150C  90			                db  90h
				; ---------------------------------------------------------------------------
				
 150D				loc_13CFA:                              ; CODE XREF: seg127c:1535↑j
 150D  36: 89 3F		                mov     ss:[bx], di
 1510  43			                inc     bx
 1511  43			                inc     bx
				
 1512				loc_13CFF:                              ; CODE XREF: seg127c:156C↓j
 1512  4E			                dec     si
				
 1513				loc_13D00:                              ; CODE XREF: seg127c:155A↓j
				                                        ; seg127c:1579↓j ...
 1513  AC			                lodsb
 1514  3C 20			                cmp     al, 20h ; ' '
 1516  74 DB			                jz      short loc_13CE0
 1518  3C 09			                cmp     al, 9
 151A  74 D7			                jz      short loc_13CE0
 151C  3C 0D			                cmp     al, 0Dh
				; ---------------------------------------------------------------------------
 151E  74			                db 74h
 151F  62			                db  62h ; b
				; ---------------------------------------------------------------------------
 1520  0A C0			                or      al, al
				; ---------------------------------------------------------------------------
 1522  74			                db 74h
 1523  5E			                db  5Eh ; ^
				; ---------------------------------------------------------------------------
 1524  3C 22			                cmp     al, 22h ; '"'
 1526  74 27			                jz      short loc_13D3C
 1528  3C 5C			                cmp     al, 5Ch ; '\'
 152A  74 03			                jz      short loc_13D1C
 152C  AA			                stosb
 152D  EB E4			                jmp     short loc_13D00
				; ---------------------------------------------------------------------------
				
 152F				loc_13D1C:                              ; CODE XREF: seg127c:1557↑j
 152F  33 C9			                xor     cx, cx
				
 1531				loc_13D1E:                              ; CODE XREF: seg127c:1562↓j
 1531  41			                inc     cx
 1532  AC			                lodsb
 1533  3C 5C			                cmp     al, 5Ch ; '\'
 1535  74 FA			                jz      short loc_13D1E
 1537  3C 22			                cmp     al, 22h ; '"'
 1539  74 06			                jz      short loc_13D2E
 153B  B0 5C			                mov     al, 5Ch ; '\'
 153D  F3/ AA			                rep stosb
 153F  EB D1			                jmp     short loc_13CFF
				; ---------------------------------------------------------------------------
				
 1541				loc_13D2E:                              ; CODE XREF: seg127c:1566↑j
 1541  B0 5C			                mov     al, 5Ch ; '\'
 1543  D1 E9			                shr     cx, 1
 1545  F3/ AA			                rep stosb
 1547  73 06			                jnb     short loc_13D3C
 1549  B0 22			                mov     al, 22h ; '"'
 154B  AA			                stosb
 154C  EB C5			                jmp     short loc_13D00
				; ---------------------------------------------------------------------------
 154E  4E			                db  4Eh ; N
				; ---------------------------------------------------------------------------
				
 154F				loc_13D3C:                              ; CODE XREF: seg127c:1553↑j
				                                        ; seg127c:1574↑j ...
 154F  AC			                lodsb
 1550  3C 0D			                cmp     al, 0Dh
				; ---------------------------------------------------------------------------
 1552  74			                db 74h
 1553  2E			                db  2Eh ; .
				; ---------------------------------------------------------------------------
 1554  0A C0			                or      al, al
				; ---------------------------------------------------------------------------
 1556  74			                db 74h
 1557  2A			                db  2Ah ; *
				; ---------------------------------------------------------------------------
 1558  3C 22			                cmp     al, 22h ; '"'
 155A  74 B7			                jz      short loc_13D00
 155C  3C 5C			                cmp     al, 5Ch ; '\'
 155E  74 03			                jz      short loc_13D50
 1560  AA			                stosb
 1561  EB EC			                jmp     short loc_13D3C
				; ---------------------------------------------------------------------------
				
 1563				loc_13D50:                              ; CODE XREF: seg127c:158B↑j
 1563  4D			                dec     bp
				; ---------------------------------------------------------------------------
 1564  F0			                db 0F0h
 1565  FF			                db 0FFh
 1566  12			                db  12h
				; ---------------------------------------------------------------------------
 1567  00 5C 74			                add     [si+74h], bl
 156A  FA			                cli
 156B  46			                inc     si
 156C  31 35			                xor     [di], si
				; ---------------------------------------------------------------------------
 156E  00			                db    0
 156F  00			                db    0
 1570  00			                db    0
 1571  00			                db    0
 1572  00			                db    0
 1573				seg127c         ends
				
				; ===========================================================================
				
				; Segment type: Pure data
				
				end
Microsoft (R) Macro Assembler Version 6.11		    05/30/26 23:16:47
Z:\home\xor\inertia_player\libdosbox\src\custom\src_f15\asound_rebuild\asound_rebuild.asm  Symbols 2 - 1




Segments and Groups:

                N a m e                 Size     Length   Align   Combine Class

seg11a3  . . . . . . . . . . . .	16 Bit	 0D90	  Para	  Public  'DATA'	
seg127c  . . . . . . . . . . . .	16 Bit	 1573	  Para	  Public  'CODE'	


Procedures,  parameters and locals:

                N a m e                 Type     Value    Attr

sub_12811  . . . . . . . . . . .	P Near	 0051	  seg127c	Length= 0033 Public
sub_12844  . . . . . . . . . . .	P Near	 0084	  seg127c	Length= 0019 Public
sub_1285D  . . . . . . . . . . .	P Near	 009D	  seg127c	Length= 0024 Public
sub_12881  . . . . . . . . . . .	P Near	 00C1	  seg127c	Length= 0064 Public
sub_128E5  . . . . . . . . . . .	P Near	 0125	  seg127c	Length= 00A9 Public
sub_1298E  . . . . . . . . . . .	P Near	 01CE	  seg127c	Length= 0088 Public
sub_12A16  . . . . . . . . . . .	P Near	 0256	  seg127c	Length= 001B Public
sub_12A31  . . . . . . . . . . .	P Near	 0271	  seg127c	Length= 000A Public
sub_12A3B  . . . . . . . . . . .	P Near	 027B	  seg127c	Length= 000A Public
sub_12A45  . . . . . . . . . . .	P Near	 0285	  seg127c	Length= 0019 Public
sub_12A5E  . . . . . . . . . . .	P Near	 029E	  seg127c	Length= 0012 Public
sub_12A70  . . . . . . . . . . .	P Near	 02B0	  seg127c	Length= 0098 Public
sub_12B08  . . . . . . . . . . .	P Near	 0348	  seg127c	Length= 0043 Public
sub_12B4B  . . . . . . . . . . .	P Near	 038B	  seg127c	Length= 0014 Public
sub_12B70  . . . . . . . . . . .	P Near	 03B0	  seg127c	Length= 0038 Public
sub_12BA8  . . . . . . . . . . .	P Near	 03E8	  seg127c	Length= 0044 Public
sub_12BEC  . . . . . . . . . . .	P Near	 042C	  seg127c	Length= 0045 Public
sub_12C31  . . . . . . . . . . .	P Near	 0471	  seg127c	Length= 003A Public
sub_12C73  . . . . . . . . . . .	P Near	 04B3	  seg127c	Length= 001A Public
sub_12CB1  . . . . . . . . . . .	P Near	 04F1	  seg127c	Length= 000E Public
sub_12CBF  . . . . . . . . . . .	P Near	 04FF	  seg127c	Length= 000E Public
sub_12D6F  . . . . . . . . . . .	P Near	 05AF	  seg127c	Length= 000E Public
sub_12DCE  . . . . . . . . . . .	P Near	 060E	  seg127c	Length= 0056 Public
sub_12E25  . . . . . . . . . . .	P Near	 0665	  seg127c	Length= 001C Public
sub_12E41  . . . . . . . . . . .	P Near	 0681	  seg127c	Length= 0026 Public
sub_12E67  . . . . . . . . . . .	P Near	 06A7	  seg127c	Length= 00A2 Public
sub_12F09  . . . . . . . . . . .	P Near	 0749	  seg127c	Length= 002E Public
sub_12F38  . . . . . . . . . . .	P Near	 0777	  seg127c	Length= 001F Public
sub_12F75  . . . . . . . . . . .	P Near	 07B4	  seg127c	Length= 0017 Public
sub_13052  . . . . . . . . . . .	P Near	 0891	  seg127c	Length= 002B Public
sub_1307E  . . . . . . . . . . .	P Near	 08BC	  seg127c	Length= 006B Public
sub_130EA  . . . . . . . . . . .	P Near	 0927	  seg127c	Length= 0047 Public
sub_13132  . . . . . . . . . . .	P Near	 096E	  seg127c	Length= 008F Public
sub_131C2  . . . . . . . . . . .	P Near	 09FD	  seg127c	Length= 0059 Public
sub_1321C  . . . . . . . . . . .	P Near	 0A56	  seg127c	Length= 0085 Public
sub_132A2  . . . . . . . . . . .	P Near	 0ADB	  seg127c	Length= 0078 Public
sub_1331C  . . . . . . . . . . .	P Near	 0B54	  seg127c	Length= 0267 Public
sub_13398  . . . . . . . . . . .	P Near	 0BCE	  seg127c	Length= 01A9 Public
sub_13544  . . . . . . . . . . .	P Near	 0D77	  seg127c	Length= 0049 Public
sub_1358E  . . . . . . . . . . .	P Near	 0DC0	  seg127c	Length= 001C Public
sub_135AA  . . . . . . . . . . .	P Near	 0DDC	  seg127c	Length= 0044 Public
sub_135F0  . . . . . . . . . . .	P Near	 0E20	  seg127c	Length= 0045 Public
sub_13638  . . . . . . . . . . .	P Near	 0E66	  seg127c	Length= 0041 Public
sub_1367A  . . . . . . . . . . .	P Near	 0EA7	  seg127c	Length= 0042 Public
sub_136BE  . . . . . . . . . . .	P Near	 0EEA	  seg127c	Length= 0085 Public
sub_13746  . . . . . . . . . . .	P Near	 0F70	  seg127c	Length= 0027 Public
sub_1376E  . . . . . . . . . . .	P Near	 0F97	  seg127c	Length= 0019 Public
sub_13788  . . . . . . . . . . .	P Near	 0FB0	  seg127c	Length= 0114 Public
sub_1389E  . . . . . . . . . . .	P Near	 10C4	  seg127c	Length= 02E3 Public
sub_13B8C  . . . . . . . . . . .	P Near	 13A7	  seg127c	Length= 0494 Public
sub_13C8C  . . . . . . . . . . .	P Near	 14A0	  seg127c	Length= 004E Public


Symbols:

                N a m e                 Type     Value    Attr

aF15IiAdlib3149  . . . . . . . .	Byte	 0000	  seg11a3	
aNoAdlibBoardPr  . . . . . . . .	Byte	 023C	  seg11a3	
arg_0  . . . . . . . . . . . . .	Word  	 0004h	 
arg_2  . . . . . . . . . . . . .	Byte  	 0006h	 
arg_4  . . . . . . . . . . . . .	Byte  	 0008h	 
arg_6  . . . . . . . . . . . . .	Byte  	 000Ah	 
byte_11C95 . . . . . . . . . . .	Byte	 0265	  seg11a3	
byte_11C96 . . . . . . . . . . .	Byte	 0266	  seg11a3	
byte_11CAB . . . . . . . . . . .	Byte	 027B	  seg11a3	
byte_11CB6 . . . . . . . . . . .	Byte	 0286	  seg11a3	
byte_11CB7 . . . . . . . . . . .	Byte	 0287	  seg11a3	
byte_11CDA . . . . . . . . . . .	Byte	 02AA	  seg11a3	
byte_11CDB . . . . . . . . . . .	Byte	 02AB	  seg11a3	
byte_11CDC . . . . . . . . . . .	Byte	 02AC	  seg11a3	
byte_122AC . . . . . . . . . . .	Byte	 087C	  seg11a3	
byte_122B4 . . . . . . . . . . .	Byte	 0884	  seg11a3	
byte_125CA . . . . . . . . . . .	Byte	 0B9A	  seg11a3	
byte_125CC . . . . . . . . . . .	Byte	 0B9C	  seg11a3	
byte_125E0 . . . . . . . . . . .	Byte	 0BB0	  seg11a3	
byte_125F4 . . . . . . . . . . .	Byte	 0BC4	  seg11a3	
byte_1261C . . . . . . . . . . .	Byte	 0BEC	  seg11a3	
byte_12658 . . . . . . . . . . .	Byte	 0C28	  seg11a3	
byte_12659 . . . . . . . . . . .	Byte	 0C29	  seg11a3	
byte_1265E . . . . . . . . . . .	Byte	 0C2E	  seg11a3	
byte_1265F . . . . . . . . . . .	Byte	 0C2F	  seg11a3	
byte_12660 . . . . . . . . . . .	Byte	 0C30	  seg11a3	
byte_1271F . . . . . . . . . . .	Byte	 0CEF	  seg11a3	
def_13A6F  . . . . . . . . . . .	L Near	 12A0	  seg127c	
jpt_13A6F  . . . . . . . . . . .	Word	 1291	  seg127c	
loc_12815  . . . . . . . . . . .	L Near	 0055	  seg127c	
loc_1281A  . . . . . . . . . . .	L Near	 005A	  seg127c	
loc_12823  . . . . . . . . . . .	L Near	 0063	  seg127c	
loc_12833  . . . . . . . . . . .	L Near	 0073	  seg127c	
loc_12840  . . . . . . . . . . .	L Near	 0080	  seg127c	
loc_12853  . . . . . . . . . . .	L Near	 0093	  seg127c	
loc_1286E  . . . . . . . . . . .	L Near	 00AE	  seg127c	
loc_12892  . . . . . . . . . . .	L Near	 00D2	  seg127c	
loc_12898  . . . . . . . . . . .	L Near	 00D8	  seg127c	
loc_1289C  . . . . . . . . . . .	L Near	 00DC	  seg127c	
loc_128A5  . . . . . . . . . . .	L Near	 00E5	  seg127c	
loc_128C3  . . . . . . . . . . .	L Near	 0103	  seg127c	
loc_12912  . . . . . . . . . . .	L Near	 0152	  seg127c	
loc_12918  . . . . . . . . . . .	L Near	 0158	  seg127c	
loc_1291D  . . . . . . . . . . .	L Near	 015D	  seg127c	
loc_1292E  . . . . . . . . . . .	L Near	 016E	  seg127c	
loc_12956  . . . . . . . . . . .	L Near	 0196	  seg127c	
loc_1297D  . . . . . . . . . . .	L Near	 01BD	  seg127c	
loc_12A1C  . . . . . . . . . . .	L Near	 025C	  seg127c	
loc_12A4D  . . . . . . . . . . .	L Near	 028D	  seg127c	
loc_12A5A  . . . . . . . . . . .	L Near	 029A	  seg127c	
loc_12A7B  . . . . . . . . . . .	L Near	 02BB	  seg127c	
loc_12A98  . . . . . . . . . . .	L Near	 02D8	  seg127c	
loc_12AD2  . . . . . . . . . . .	L Near	 0312	  seg127c	
loc_12AF4  . . . . . . . . . . .	L Near	 0334	  seg127c	
loc_12B31  . . . . . . . . . . .	L Near	 0371	  seg127c	
loc_12C3A  . . . . . . . . . . .	L Near	 047A	  seg127c	
loc_12C51  . . . . . . . . . . .	L Near	 0491	  seg127c	
loc_12C57  . . . . . . . . . . .	L Near	 0497	  seg127c	
loc_12CCD  . . . . . . . . . . .	L Near	 050D	  seg127c	
loc_12CDB  . . . . . . . . . . .	L Near	 051B	  seg127c	
loc_12CE9  . . . . . . . . . . .	L Near	 0529	  seg127c	
loc_12CF7  . . . . . . . . . . .	L Near	 0537	  seg127c	
loc_12D05  . . . . . . . . . . .	L Near	 0545	  seg127c	
loc_12D13  . . . . . . . . . . .	L Near	 0553	  seg127c	
loc_12D21  . . . . . . . . . . .	L Near	 0561	  seg127c	
loc_12D2F  . . . . . . . . . . .	L Near	 056F	  seg127c	
loc_12D3D  . . . . . . . . . . .	L Near	 057D	  seg127c	
loc_12D4B  . . . . . . . . . . .	L Near	 058B	  seg127c	
loc_12D61  . . . . . . . . . . .	L Near	 05A1	  seg127c	
loc_12D7D  . . . . . . . . . . .	L Near	 05BD	  seg127c	
loc_12D8B  . . . . . . . . . . .	L Near	 05CB	  seg127c	
loc_12DDF  . . . . . . . . . . .	L Near	 061F	  seg127c	
loc_12DEB  . . . . . . . . . . .	L Near	 062B	  seg127c	
loc_12E05  . . . . . . . . . . .	L Near	 0645	  seg127c	
loc_12E0B  . . . . . . . . . . .	L Near	 064B	  seg127c	
loc_12E0E  . . . . . . . . . . .	L Near	 064E	  seg127c	
loc_12E11  . . . . . . . . . . .	L Near	 0651	  seg127c	
loc_12E31  . . . . . . . . . . .	L Near	 0671	  seg127c	
loc_12E33  . . . . . . . . . . .	L Near	 0673	  seg127c	
loc_12E37  . . . . . . . . . . .	L Near	 0677	  seg127c	
loc_12EE3  . . . . . . . . . . .	L Near	 0723	  seg127c	
loc_12F0F  . . . . . . . . . . .	L Near	 074F	  seg127c	
loc_12F11  . . . . . . . . . . .	L Near	 0751	  seg127c	
loc_12F13  . . . . . . . . . . .	L Near	 0753	  seg127c	
loc_12F17  . . . . . . . . . . .	L Near	 0757	  seg127c	
loc_12F87  . . . . . . . . . . .	L Near	 07C6	  seg127c	
loc_12FB1  . . . . . . . . . . .	L Near	 07F0	  seg127c	
loc_12FE4  . . . . . . . . . . .	L Near	 0823	  seg127c	
loc_13002  . . . . . . . . . . .	L Near	 0841	  seg127c	
loc_13005  . . . . . . . . . . .	L Near	 0844	  seg127c	
loc_13032  . . . . . . . . . . .	L Near	 0871	  seg127c	
loc_13070  . . . . . . . . . . .	L Near	 08AE	  seg127c	
loc_130A8  . . . . . . . . . . .	L Near	 08E5	  seg127c	
loc_130BF  . . . . . . . . . . .	L Near	 08FC	  seg127c	
loc_132CC  . . . . . . . . . . .	L Near	 0B04	  seg127c	
loc_132E3  . . . . . . . . . . .	L Near	 0B1B	  seg127c	
loc_13360  . . . . . . . . . . .	L Near	 0B96	  seg127c	
loc_13394  . . . . . . . . . . .	L Near	 0BCA	  seg127c	
loc_133BB  . . . . . . . . . . .	L Near	 0BF0	  seg127c	
loc_133C6  . . . . . . . . . . .	L Near	 0BFA	  seg127c	
loc_1342C  . . . . . . . . . . .	L Near	 0C5F	  seg127c	
loc_1348F  . . . . . . . . . . .	L Near	 0CC2	  seg127c	
loc_13492  . . . . . . . . . . .	L Near	 0CC5	  seg127c	
loc_134A5  . . . . . . . . . . .	L Near	 0CD8	  seg127c	
loc_1350C  . . . . . . . . . . .	L Near	 0D3F	  seg127c	
loc_1353E  . . . . . . . . . . .	L Near	 0D71	  seg127c	
loc_13562  . . . . . . . . . . .	L Near	 0D94	  seg127c	
loc_13564  . . . . . . . . . . .	L Near	 0D96	  seg127c	
loc_13574  . . . . . . . . . . .	L Near	 0DA6	  seg127c	
loc_13576  . . . . . . . . . . .	L Near	 0DA8	  seg127c	
loc_1359C  . . . . . . . . . . .	L Near	 0DCE	  seg127c	
loc_1359E  . . . . . . . . . . .	L Near	 0DD0	  seg127c	
loc_13620  . . . . . . . . . . .	L Near	 0E4E	  seg127c	
loc_13623  . . . . . . . . . . .	L Near	 0E51	  seg127c	
loc_136E0  . . . . . . . . . . .	L Near	 0F0A	  seg127c	
loc_136E2  . . . . . . . . . . .	L Near	 0F0C	  seg127c	
loc_136F6  . . . . . . . . . . .	L Near	 0F20	  seg127c	
loc_136F8  . . . . . . . . . . .	L Near	 0F22	  seg127c	
loc_1370C  . . . . . . . . . . .	L Near	 0F36	  seg127c	
loc_1370E  . . . . . . . . . . .	L Near	 0F38	  seg127c	
loc_13722  . . . . . . . . . . .	L Near	 0F4C	  seg127c	
loc_13724  . . . . . . . . . . .	L Near	 0F4E	  seg127c	
loc_137D6  . . . . . . . . . . .	L Near	 0FFD	  seg127c	
loc_1385B  . . . . . . . . . . .	L Near	 1082	  seg127c	
loc_13897  . . . . . . . . . . .	L Near	 10BE	  seg127c	
loc_138B8  . . . . . . . . . . .	L Near	 10DD	  seg127c	
loc_138DE  . . . . . . . . . . .	L Near	 1103	  seg127c	
loc_138ED  . . . . . . . . . . .	L Near	 1112	  seg127c	
loc_1390B  . . . . . . . . . . .	L Near	 1130	  seg127c	
loc_1393A  . . . . . . . . . . .	L Near	 115F	  seg127c	
loc_1395E  . . . . . . . . . . .	L Near	 1183	  seg127c	
loc_1396A  . . . . . . . . . . .	L Near	 118F	  seg127c	
loc_1396E  . . . . . . . . . . .	L Near	 1192	  seg127c	
loc_13980  . . . . . . . . . . .	L Near	 11A4	  seg127c	
loc_13994  . . . . . . . . . . .	L Near	 11B8	  seg127c	
loc_1399A  . . . . . . . . . . .	L Near	 11BE	  seg127c	
loc_1399E  . . . . . . . . . . .	L Near	 11C2	  seg127c	
loc_139CE  . . . . . . . . . . .	L Near	 11F2	  seg127c	
loc_139E6  . . . . . . . . . . .	L Near	 120A	  seg127c	
loc_139FE  . . . . . . . . . . .	L Near	 1222	  seg127c	
loc_13A2E  . . . . . . . . . . .	L Near	 1250	  seg127c	
loc_13A60  . . . . . . . . . . .	L Near	 127E	  seg127c	
loc_13A6B  . . . . . . . . . . .	L Near	 1288	  seg127c	
loc_13A88  . . . . . . . . . . .	L Near	 12A4	  seg127c	
loc_13AD0  . . . . . . . . . . .	L Near	 12EC	  seg127c	
loc_13AE0  . . . . . . . . . . .	L Near	 12FB	  seg127c	
loc_13B2C  . . . . . . . . . . .	L Near	 1347	  seg127c	
loc_13B4A  . . . . . . . . . . .	L Near	 1365	  seg127c	
loc_13B82  . . . . . . . . . . .	L Near	 139D	  seg127c	
loc_13BAE  . . . . . . . . . . .	L Near	 13C7	  seg127c	
loc_13BB9  . . . . . . . . . . .	L Near	 13D1	  seg127c	
loc_13C10  . . . . . . . . . . .	L Near	 1428	  seg127c	
loc_13C24  . . . . . . . . . . .	L Near	 143C	  seg127c	
loc_13C2E  . . . . . . . . . . .	L Near	 1444	  seg127c	
loc_13C39  . . . . . . . . . . .	L Near	 144E	  seg127c	
loc_13C85  . . . . . . . . . . .	L Near	 149A	  seg127c	
loc_13C96  . . . . . . . . . . .	L Near	 14A9	  seg127c	
loc_13CE0  . . . . . . . . . . .	L Near	 14F3	  seg127c	
loc_13CE3  . . . . . . . . . . .	L Near	 14F6	  seg127c	
loc_13CF3  . . . . . . . . . . .	L Near	 1506	  seg127c	
loc_13CFA  . . . . . . . . . . .	L Near	 150D	  seg127c	
loc_13CFF  . . . . . . . . . . .	L Near	 1512	  seg127c	
loc_13D00  . . . . . . . . . . .	L Near	 1513	  seg127c	
loc_13D1C  . . . . . . . . . . .	L Near	 152F	  seg127c	
loc_13D1E  . . . . . . . . . . .	L Near	 1531	  seg127c	
loc_13D2E  . . . . . . . . . . .	L Near	 1541	  seg127c	
loc_13D3C  . . . . . . . . . . .	L Near	 154F	  seg127c	
loc_13D50  . . . . . . . . . . .	L Near	 1563	  seg127c	
locret_12AF3 . . . . . . . . . .	L Near	 0333	  seg127c	
locret_12B07 . . . . . . . . . .	L Near	 0347	  seg127c	
locret_12B4A . . . . . . . . . .	L Near	 038A	  seg127c	
locret_12B5E . . . . . . . . . .	L Near	 039E	  seg127c	
locret_12D60 . . . . . . . . . .	L Near	 05A0	  seg127c	
locret_12DDE . . . . . . . . . .	L Near	 061E	  seg127c	
locret_13CDA . . . . . . . . . .	L Near	 14ED	  seg127c	
off_12DC8  . . . . . . . . . . .	Word	 0608	  seg127c	
seg_127C9  . . . . . . . . . . .	Word	 0009	  seg127c	
unk_11C6A  . . . . . . . . . . .	Byte	 023A	  seg11a3	
unk_11C6B  . . . . . . . . . . .	Byte	 023B	  seg11a3	
unk_11C9D  . . . . . . . . . . .	Byte	 026D	  seg11a3	
unk_121D6  . . . . . . . . . . .	Byte	 07A6	  seg11a3	
unk_12218  . . . . . . . . . . .	Byte	 07E8	  seg11a3	
unk_12224  . . . . . . . . . . .	Byte	 07F4	  seg11a3	
unk_1222E  . . . . . . . . . . .	Byte	 07FE	  seg11a3	
unk_1223C  . . . . . . . . . . .	Byte	 080C	  seg11a3	
unk_12246  . . . . . . . . . . .	Byte	 0816	  seg11a3	
unk_12250  . . . . . . . . . . .	Byte	 0820	  seg11a3	
unk_12258  . . . . . . . . . . .	Byte	 0828	  seg11a3	
unk_12260  . . . . . . . . . . .	Byte	 0830	  seg11a3	
unk_12268  . . . . . . . . . . .	Byte	 0838	  seg11a3	
unk_12272  . . . . . . . . . . .	Byte	 0842	  seg11a3	
unk_12274  . . . . . . . . . . .	Byte	 0844	  seg11a3	
unk_1227E  . . . . . . . . . . .	Byte	 084E	  seg11a3	
unk_12288  . . . . . . . . . . .	Byte	 0858	  seg11a3	
unk_1229A  . . . . . . . . . . .	Byte	 086A	  seg11a3	
unk_122BC  . . . . . . . . . . .	Byte	 088C	  seg11a3	
unk_12336  . . . . . . . . . . .	Byte	 0906	  seg11a3	
unk_123B0  . . . . . . . . . . .	Byte	 0980	  seg11a3	
unk_12400  . . . . . . . . . . .	Byte	 09D0	  seg11a3	
unk_12440  . . . . . . . . . . .	Byte	 0A10	  seg11a3	
unk_12494  . . . . . . . . . . .	Byte	 0A64	  seg11a3	
unk_12526  . . . . . . . . . . .	Byte	 0AF6	  seg11a3	
unk_12534  . . . . . . . . . . .	Byte	 0B04	  seg11a3	
unk_12542  . . . . . . . . . . .	Byte	 0B12	  seg11a3	
unk_12550  . . . . . . . . . . .	Byte	 0B20	  seg11a3	
unk_1255E  . . . . . . . . . . .	Byte	 0B2E	  seg11a3	
unk_1256C  . . . . . . . . . . .	Byte	 0B3C	  seg11a3	
unk_12608  . . . . . . . . . . .	Byte	 0BD8	  seg11a3	
unk_12630  . . . . . . . . . . .	Byte	 0C00	  seg11a3	
var_2  . . . . . . . . . . . . .	Word  	 -0002h	  
var_4  . . . . . . . . . . . . .	Byte  	 -0004h	  
var_6  . . . . . . . . . . . . .	Word  	 -0006h	  
var_8  . . . . . . . . . . . . .	Word  	 -0008h	  
var_A  . . . . . . . . . . . . .	Word  	 -000Ah	  
var_C  . . . . . . . . . . . . .	Word  	 -000Ch	  
word_11C8D . . . . . . . . . . .	Word	 025D	  seg11a3	
word_11C8F . . . . . . . . . . .	Word	 025F	  seg11a3	
word_11C93 . . . . . . . . . . .	Word	 0263	  seg11a3	
word_11C97 . . . . . . . . . . .	Word	 0267	  seg11a3	
word_11C99 . . . . . . . . . . .	Word	 0269	  seg11a3	
word_11CA9 . . . . . . . . . . .	Word	 0279	  seg11a3	
word_11CAC . . . . . . . . . . .	Word	 027C	  seg11a3	
word_11CAE . . . . . . . . . . .	Word	 027E	  seg11a3	
word_11CB0 . . . . . . . . . . .	Word	 0280	  seg11a3	
word_11CB4 . . . . . . . . . . .	Word	 0284	  seg11a3	
word_11CB8 . . . . . . . . . . .	Word	 0288	  seg11a3	
word_125C2 . . . . . . . . . . .	Word	 0B92	  seg11a3	
word_125C4 . . . . . . . . . . .	Word	 0B94	  seg11a3	
word_125C6 . . . . . . . . . . .	Word	 0B96	  seg11a3	
word_125C8 . . . . . . . . . . .	Word	 0B98	  seg11a3	
word_1265A . . . . . . . . . . .	Word	 0C2A	  seg11a3	
word_1265C . . . . . . . . . . .	Word	 0C2C	  seg11a3	
word_127BA . . . . . . . . . . .	Word	 0D8A	  seg11a3	
word_127BC . . . . . . . . . . .	Word	 0D8C	  seg11a3	
word_127BE . . . . . . . . . . .	Word	 0D8E	  seg11a3	
word_127CB . . . . . . . . . . .	Word	 000B	  seg127c	
word_1280D . . . . . . . . . . .	Word	 004D	  seg127c	
word_1280F . . . . . . . . . . .	Word	 004F	  seg127c	
word_12C95 . . . . . . . . . . .	Word	 04D5	  seg127c	

	   0 Warnings
	   0 Errors
